comment_id,username,message,feeling_pos,feeling_neu,feelinf_neg,external_ref,phys_react_intentional,phys_react_unintentional,reference_audience
ct_1,Juani Cappella,"I'm from Argentina and just found out that they are coming here to play in November, as I didn't think they would come I bought a ticket to go to the US (Detroit) to see the show",,,,,,,
ct_2,Juani Cappella,already bought the ticket (but of course it was not the only reason to travel),,,,,,,
ct_6,M A L V A R E L L A N,wainting for,,,,,,,
ct_7,Erick Landaburu,can't wait,,,,,,,
ct_8,RetroSound,Berlin concert was fantastic. :musical_keyboard::dizzy::thumbs_up:,,,,,,,
ct_9,TimLM,Hope they gonna play again in France cause tickets were sold waaaay to fast,,,,,,,
ct_12,Groover RPM,they forgot to add wales to their gigs,,,,,,,
ct_14,M A L V A R E L L A N,I will see them in cdmx,,,,,,,
ct_16,Headsknow,*Would be listening to Air forever ,,,,,,,
ct_17,Ana Trevi√±o,Cant wait :blue_heart:,,,,,,,
ct_21,H. Chips,:red_heart::red_heart::red_heart:,,,,,,,
ct_22,Eduardo Hormazabal,Greetings from Chile!,,,,,,,
ct_27,popcorntommy,uk here MS is my fave album,,,,,,,
ct_28,Unfocused,greetings from Malta,,,,,,,
ct_30,Ignacio Calvo,Kelly?,,,,,,,
ct_34,Groover RPM,come on then,,,,,,,
ct_35,Agust√≠n P√©rez,greetings from Chileeee ,,,,,,,
ct_36,david bonnefon,Merci @arte pour cette dinguerie :smiling_face_with_heart_eyes:,,,,,,,
ct_38,Lorenzo Lamas,:smiling_face_with_heart_eyes::smiling_face_with_heart_eyes::star_struck::star_struck:,,,,,,,
ct_40,John Seberger,Hi from Philadelphia!,,,,,,,
ct_44,Amy Cole,:smiling_face_with_heart_eyes::smiling_face_with_heart_eyes::smiling_face_with_heart_eyes:,,,,,,,
ct_51,filtav,:face-red-heart-shape:,,,,,,,
ct_52,Mark Plank,üôåüèΩüôåüèΩ,,,,,,,
ct_54,May,:washhands::washhands::washhands:,,,,,,,
ct_57,MastaKillah ‚ÄúMASTAKILLAHDMG‚Äù DMG,glad to see this here as missed out seeing them in person,,,,,,,
ct_62,rainbow void,see you in LA at the end of the month :dizzy: ,,,,,,,
ct_63,Hal,"ducking brilliant, that bass!!",,,,,,,
ct_65,Juan Camilo Granada,air :wind_face:los amo!,,,,,,,
ct_66,filtav,goozebumps my fave track,,,,,,,
ct_67,tloves max,Great song to start with :two_hearts:,,,,,,,
ct_69,Leesmap Man,"well, the album starts with that track too",,,,,,,
ct_70,blue_scape,The concert consists of all 11 Moon Safari songs ,,,,,,,
ct_71,Carlo Showalter,@tloves max Yeah because it's the first one on the LP,,,,,,,
ct_73,Patrick McCartan,take me back to 1996,,,,,,,
ct_74,willy,top,,,,,,,
ct_75,filtav,:eyes-pink-heart-shape:,,,,,,,
ct_76,CJ,the San Francisco fan video of this song is immaculate,,,,,,,
ct_77,Headsknow,I truly needed this ,,,,,,,
ct_79,MastaKillah ‚ÄúMASTAKILLAHDMG‚Äù DMG,definitely goosebumps from the start,,,,,,,
ct_83,Spoofle,Space...the final frontier,,,,,,,
ct_84,Petr ƒåernega,Hi from Prague,,,,,,,
ct_85,ConspiracyofMisfits,:heart_suit:,,,,,,,
ct_86,blue_scape,Hello from Germany ,,,,,,,
ct_87,Doughnut Doney,"""La Femme d'argent"" forgot how good starting track this was",,,,,,,
ct_89,Chantal W,:face-fuchsia-wide-eyes:,,,,,,,
ct_91,Marcello Fusillo,Live al Viva festival Locorotondo Bari :red_heart::red_heart::red_heart:,,,,,,,
ct_92,Doughnut Doney,...and then it leads to their biggest hit,,,,,,,
ct_93,shon ryder,trop bon,,,,,,,
ct_94,Flakoman Sofasurfer,all :smiling_face_with_heart_eyes:love!!!! from MX !!!!!,,,,,,,
ct_95,Josh Richman,Awesome! How do we download it? ,,,,,,,
ct_98,blue_scape,I like the early years of Downtempo ,,,,,,,
ct_99,Irie Elliott,Austin in October üôåüèΩ:maple_leaf::dashing_away::dashing_away:,,,,,,,
ct_100,shon ryder,:blue_circle::white_circle::red_circle:,,,,,,,
ct_102,Dimitri Magnani,GODO :green_square::white_large_square::red_square:,,,,,,,
ct_105,–ë–ê–ú–ë–ê–ú,:smiling_face_with_heart_eyes:AMAZING:smiling_face_with_heart_eyes:,,,,,,,
ct_106,Spoofle,I'm not a number...so 60's under psychedelyc.,,,,,,,
ct_108,blue_scape,Me too @TimLM ,,,,,,,
ct_109,Tim Thompson,:fire:,,,,,,,
ct_111,apdgyha,:heart_suit::heart_suit::heart_suit::heart_suit: in love,,,,,,,
ct_112,tloves max,carlo showalter :red_heart:,,,,,,,
ct_118,Josh Richman,Sexy Boy!,,,,,,,
ct_123,–ë–ê–ú–ë–ê–ú,:smiling_face_with_hearts::smiling_face_with_hearts::smiling_face_with_hearts::smiling_face_with_hearts::smiling_face_with_hearts::smiling_face_with_hearts:,,,,,,,
ct_126,Mark Plank,Sexy song,,,,,,,
ct_127,Nina,omg I can't wait to see them in NYC,,,,,,,
ct_129,Headsknow,Big Up from Detroit with love to all ,,,,,,,
ct_134,Fabian Mueller,:red_heart:,,,,,,,
ct_136,Travis Edson,this is perfect ,,,,,,,
ct_139,blue_scape,Because it's ARTE :winking_face: @anousonne ,,,,,,,
ct_140,Leesmap Man,"Thanks @ARTE Concert , for broadcasting this.",,,,,,,
ct_142,Doughnut Doney,Biggest single hit by them in the UK I think?,,,,,,,
ct_147,Leesmap Man,Kelly Watch The Stars,,,,,,,
ct_150,ilich _,Kelly Watch The Stars,,,,,,,
ct_151,–ë–ê–ú–ë–ê–ú,COSMIC SOUND:planet-orange-purple-ring:,,,,,,,
ct_152,filtav,:eyes-pink-heart-shape:,,,,,,,
ct_153,Martial G√©nial,Around the world,,,,,,,
ct_155,Leesmap Man,"Also love the b-side of Sexy Boy ""Jeanne"", with the late Francoise Hardy",,,,,,,
ct_156,Spoofle,"Kelly, Watch the Stars!",,,,,,,
ct_157,filtav,@ARTE Concert la femme d'argent already played at first :D,,,,,,,
ct_158,J√°nos,AIR is timeless:musical_note::musical_score:,,,,,,,
ct_159,Juan,@ARTE Concert Ce Matin La,,,,,,,
ct_160,Doughnut Doney,My fav track by them is sadly not on this album :(,,,,,,,
ct_163,filtav,thx for streaming this premiere!! @ARTE Concert :face-red-heart-shape::face-red-heart-shape::face-red-heart-shape:,,,,,,,
ct_164,TimLM,Which one is it Doughnut Doney ?,,,,,,,
ct_165,Tyler Woolstenhulme,Stoked I was able to catch this!,,,,,,,
ct_169,Doughnut Doney,@TimLM Cherry Blossom Girl,,,,,,,
ct_171,Romeo CHARLIE,:person-turqouise-waving::person-turqouise-waving::person-turqouise-waving:,,,,,,,
ct_174,f c,CHICAS,,,,,,,
ct_176,shon ryder,sexy boy is fantastic,,,,,,,
ct_177,Leesmap Man,I loved seeing them live in Paradiso 1998,,,,,,,
ct_178,TimLM,A great one I agree !,,,,,,,
ct_179,Romeo CHARLIE,People in the city,,,,,,,
ct_180,Bienvenido a los 90 Podcast,sexy air,,,,,,,
ct_182,filtav,love this one too,,,,,,,
ct_183,f c,I GAVE IT ALL IT GOT,,,,,,,
ct_184,Bucciarati,!!!!!!!!!!,,,,,,,
ct_185,TimLM,All I Need is Air concert :D,,,,,,,
ct_186,f c,BUT I NEVER FORGOT,,,,,,,
ct_187,David Bonilla,Waiting For MEXICO !!!!,,,,,,,
ct_188,filtav,all album is gold,,,,,,,
ct_189,d3plus,All i need right now.... air....,,,,,,,
ct_190,Headsknow,All I need. The chills the goosebumps,,,,,,,
ct_191,J√°nos,What a beautiful arrangements,,,,,,,
ct_197,blue_scape,Cool live version ,,,,,,,
ct_198,Yann g40,all I need ...is air,,,,,,,
ct_199,Doughnut Doney,All I need with a 2024 remix,,,,,,,
ct_200,filtav,:eyes-pink-heart-shape: ahuuuahhh,,,,,,,
ct_201,Przemek Galera,best of the best,,,,,,,
ct_205,Steven Baker,Thanks so much for this ARTE!:sparkling_heart:,,,,,,,
ct_206,Axel Georis,love is in the Air,,,,,,,
ct_208,Headsknow,Those synths the reverb. ,,,,,,,
ct_212,Doughnut Doney,very mellow track :),,,,,,,
ct_213,filtav,such great energy and hope this album expresses on each track - masterpiece album,,,,,,,
ct_216,blue_scape,Great live version of All I Need ,,,,,,,
ct_217,Yann Hernandez,"What a legendary album ! So happy to hear it again, and again, and again.... and now, too !",,,,,,,
ct_218,f c,SO JAZZ WHITE PEOPLE WILL CALL THE COPS,,,,,,,
ct_223,Ganimedes Light,the doors stuff,,,,,,,
ct_225,Bucciarati,great 90s,,,,,,,
ct_226,f c,ROAD A HORSE THROUGH HEAVEN,,,,,,,
ct_228,Romeo CHARLIE,:smiling_face_with_sunglasses::smiling_face_with_sunglasses::crying_face::smiling_face_with_sunglasses::smiling_face_with_sunglasses::smiling_face_with_sunglasses:,,,,,,,
ct_231,f c,ROAD SURE SHE WAS NOT A COW,,,,,,,
ct_232,Keti Chachibaia,:red_heart::red_heart::red_heart::red_heart::red_heart:,,,,,,,
ct_234,tastentor,riders on the moon,,,,,,,
ct_235,f c,CAUSE IM MEAT FREE,,,,,,,
ct_237,f c,CHICKEN FISH AND PUSSY IS ALL I EAT ,,,,,,,
ct_240,Doughnut Doney,Air not had studio album for what 12 years now,,,,,,,
ct_243,Romeo CHARLIE,Another era,,,,,,,
ct_245,Leesmap Man,excellent version of All I Need,,,,,,,
ct_249,hicham mkhadri,Nice:thumbs_up::thumbs_up:,,,,,,,
ct_255,f c,styx COM MR ROBOTO,,,,,,,
ct_258,Leesmap Man,the ,,,,,,,
ct_261,Jose Vega,Noce!,,,,,,,
ct_262,Evaristo Corona,the stars,,,,,,,
ct_263,Romeo CHARLIE,"20 years, oh bro",,,,,,,
ct_265,f c,EVER TRACK IS A REPEAT OF A 4 X 4 SCALE SINCE 1775,,,,,,,
ct_277,ScientistAbe - Elsass in Texas,"Time machine, 24 years back, with this song.",,,,,,,
ct_279,shon ryder,:blue_circle::white_circle::red_circle:,,,,,,,
ct_280,Leesmap Man,I love this album,,,,,,,
ct_282,Julieta Bonino,:red_heart:,,,,,,,
ct_283,J√°nos,:shooting_star::shooting_star::shooting_star::glowing_star:,,,,,,,
ct_285,Romeo CHARLIE,Goods albums,,,,,,,
ct_286,f c, THE ORIGINAL BATMAN ,,,,,,,
ct_288,K,i love this guays,,,,,,,
ct_291,YESTERDAY,Very cool,,,,,,,
ct_293,johan delebecq,One of the best album in the world :red_heart:,,,,,,,
ct_296,f c,TOP NOTCH @shon ryder ,,,,,,,
ct_298,Headsknow,This was such an important release ,,,,,,,
ct_300,Ganimedes Light,Cool :face-red-heart-shape:,,,,,,,
ct_302,Leesmap Man,"@Headsknow yeah, I was going to give up on music with all that depressing grunge and then this album came out",,,,,,,
ct_303,Ali Hammami,:face-red-heart-shape:,,,,,,,
ct_304,filtav,oush this one...,,,,,,,
ct_305,f c,I REMEMBER ENJOYING LIFE before everyone had a Camara,,,,,,,
ct_306,Juan Carlos,Very soon @HIPNOSIS FESTIVAL MEXICO,,,,,,,
ct_307,Frank Zappa,"I was there this night, amazing",,,,,,,
ct_309,f c,piss off i phone camara man,,,,,,,
ct_310,Leesmap Man,@Frank Zappa how? It's live! go back to the concert!!,,,,,,,
ct_312,Tomasz Stasiak,AIR London 2004 still remember:),,,,,,,
ct_316,filtav,:eyes-pink-heart-shape:,,,,,,,
ct_317,shon ryder,:bow_and_arrow::balloon:,,,,,,,
ct_324,EasyDieselPictures,Over a month from today and I will see this in Austin TX,,,,,,,
ct_326,popcorntommy,i'm in tears !! so amazing <3,,,,,,,
ct_327,Romeo CHARLIE,:shelterin::chillwcat::planet-orange-purple-ring::planet-orange-purple-ring::planet-orange-purple-ring:,,,,,,,
ct_328,√æ_sz√∏√∏√´√´≈Ñü¶ñ ,:hands-yellow-heart-red::hands-yellow-heart-red::hands-yellow-heart-red::hands-yellow-heart-red::hands-yellow-heart-red::hands-yellow-heart-red::hands-yellow-heart-red:,,,,,,,
ct_329,f c,in five seconds ur gong to press record ,,,,,,,
ct_331,f c,R ur ready,,,,,,,
ct_332,shon ryder,:place_of_worship:,,,,,,,
ct_334,Leesmap Man,@Erick Landaburu They are playing the whole album as far as I know. ,,,,,,,
ct_335,Angelina Evtikhova,"If Air ever comes to Chile, I'll be the first in the line to buy a ticket :smiling_face_with_heart_eyes::smiling_face_with_heart_eyes::smiling_face_with_heart_eyes:",,,,,,,
ct_336,Patri Sempere Tari,Talisman:face-red-heart-shape::face-red-heart-shape::face-red-heart-shape::face-red-heart-shape:,,,,,,,
ct_340,Marie Pennamen,"I know this album by heart. My dad used to listen to it so often, I have really precious memories of my childhood and family with this as a soundtrack :red_heart:",,,,,,,
ct_344,blue_scape,They played the whole album @Erick Landaburu ,,,,,,,
ct_345,Leesmap Man,@Cyrana My favourite sunday morning record,,,,,,,
ct_346,f c,chicas front rrow,,,,,,,
ct_349,filtav,:face-fuchsia-tongue-out:,,,,,,,
ct_350,VanVR,:clapping_hands:,,,,,,,
ct_351,Romeo CHARLIE,My 80's childness,,,,,,,
ct_353,Marie Pennamen,@Leesmap Man such a brilliant track !,,,,,,,
ct_354,filtav,so beautiful,,,,,,,
ct_356,sova sova,:rolling_on_the_floor_laughing:,,,,,,,
ct_357,popcorntommy,thanks so much for broadcasting this ,,,,,,,
ct_359,Chris Paynter,The best album for a warm summer's evening in the countryside or by the sea.,,,,,,,
ct_361,MasterSam,omagad THANK YOU ARTE for this !,,,,,,,
ct_362,Headsknow,@leesmap man this album changed the way I listened to music truly,,,,,,,
ct_363,Stefan Irma,REMEMBER my youth :green_heart:,,,,,,,
ct_364,J√°nos,Universe,,,,,,,
ct_365,Steven Baker,@Erick Landaburu It is the 8th song ... in a minute!,,,,,,,
ct_366,filtav,this bass ooof,,,,,,,
ct_368,Irie Elliott,production is unreal,,,,,,,
ct_369,Leonel P√©rez,Amazing! :black_heart::black_heart::black_heart:,,,,,,,
ct_370,Leonel P√©rez,I love you AIR :black_heart::black_heart::black_heart:,,,,,,,
ct_375,Many If Not Most,Well this takes me back,,,,,,,
ct_376,f c,DONT FORGET ABOUT YOUR HEART TONIGHT,,,,,,,
ct_379,lucalone,the audio sounds amazing,,,,,,,
ct_380,Manuel Mart√≠nez D√≠az,:face-fuchsia-tongue-out::face-fuchsia-tongue-out::face-fuchsia-tongue-out::face-fuchsia-tongue-out::face-fuchsia-tongue-out::face-fuchsia-tongue-out:,,,,,,,
ct_385,f c,FORGET ABOUT UR HEART,,,,,,,
ct_388,TouchPerInch,Just opened and this awesome concert appeard! Thank you algorithm and ARTE concert! :red_heart::red_heart:,,,,,,,
ct_389,Groover RPM,not quite the same without beth orton,,,,,,,
ct_390,Stefan Irma,NEED THIS right now :green_heart:,,,,,,,
ct_391,popcorntommy,air look more than a duo,,,,,,,
ct_392,filtav,:eyes-pink-heart-shape:,,,,,,,
ct_393,Romeo CHARLIE,"My TV harmaKardon is satured, but it's so nice",,,,,,,
ct_395,Kosmiclovers,:raising_hands::raising_hands::raising_hands::raising_hands::raising_hands:,,,,,,,
ct_397,Melissa Moncada,:smiling_face_with_hearts::face_holding_back_tears::moon_viewing_ceremony::monkey:,,,,,,,
ct_398,Olympion,:red_heart:,,,,,,,
ct_400,Daniel Olmos,:face-fuchsia-wide-eyes:,,,,,,,
ct_401,J√°nos,The visuals,,,,,,,
ct_404,Kosmiclovers,:purple_heart::purple_heart::purple_heart::blue_heart::purple_heart::purple_heart::purple_heart:,,,,,,,
ct_405,Arte en textiles,hermoso,,,,,,,
ct_407,Manuel Mart√≠nez D√≠az,:face-red-heart-shape::face-red-heart-shape::face-red-heart-shape::face-red-heart-shape:,,,,,,,
ct_408,Steven Baker,Love the glockenspiel!,,,,,,,
ct_409,Nat GE,:red_heart:,,,,,,,
ct_410,Manuel Mart√≠nez D√≠az,:smiling_face_with_heart_eyes::smiling_face_with_heart_eyes::smiling_face_with_heart_eyes::smiling_face_with_heart_eyes::face_blowing_a_kiss::face_blowing_a_kiss::face_blowing_a_kiss::face_blowing_a_kiss::face_blowing_a_kiss:,,,,,,,
ct_411,Stefan Irma,fifty shades of white :white_heart:,,,,,,,
ct_412,Daniel Rodriguez,:smiling_face_with_hearts::smiling_face_with_hearts::smiling_face_with_hearts: wow i loved,,,,,,,
ct_413,Carolina Garcia,:smiling_face_with_hearts:,,,,,,,
ct_419,Miguel Ferreira,:popcorn-yellow-striped-smile:,,,,,,,
ct_420,Acherryblossom3,Merci ARTE :heart_hands:,,,,,,,
ct_423,senta1978,:smiling_face_with_sunglasses::fire::rocket:,,,,,,,
ct_424,Romeo CHARLIE,"""Don't be live.."" (VirginSuicide)",,,,,,,
ct_427,f c,but when i wake up. black friday let me PAY ,,,,,,,
ct_431,J√°nos,:blue_heart::white_heart::heart_suit:Everybody's talkin' at meI don't hear a word they're sayin'...lalala,,,,,,,
ct_434,Steven Baker,:ear::sparkling_heart::ear::sparkling_heart::ear::sparkling_heart::ear::sparkling_heart:,,,,,,,
ct_435,Leesmap Man,@Headsknow That's a great name!,,,,,,,
ct_437,filtav,:face-red-heart-shape::face-red-heart-shape::face-red-heart-shape:,,,,,,,
ct_438,f c,"VAMOS SUGA NO METH NO COCAINE, NOT STUPID SHIT IN UR BODY JUST #LOVE UFC306",,,,,,,
ct_439,Romeo CHARLIE,:winking_face:Morricon,,,,,,,
ct_441,Stefan Irma,:hundred_points:,,,,,,,
ct_443,RetroSound,I was a AIR fan since the beginning and now my daughter love AIR too.,,,,,,,
ct_444,MrTRIFORCE666,:clinking_glasses::hands-yellow-heart-red:,,,,,,,
ct_448,filtav,@RetroSound they are timeless and this album even more,,,,,,,
ct_449,f c,"best way to stay off drugs, Latins",,,,,,,
ct_450,Stefan Irma,:anatomical_heart::anatomical_heart::anatomical_heart:,,,,,,,
ct_454,Tomasz Stasiak,Are you here that guy from Brazil who took a photo of us with AIR at London Royal Festival Hall backstage on 2004?,,,,,,,
ct_455,popcorntommy,my fave album performed beautifully live ,,,,,,,
ct_458,blue_scape,Ce Matin La @Steffi Whelan ,,,,,,,
ct_459,Miguel Ferreira,:hands-yellow-heart-red:,,,,,,,
ct_460,Baires Rock,:sign_of_the_horns::sign_of_the_horns:,,,,,,,
ct_461,Headsknow,Baby Blue ?,,,,,,,
ct_463,Steffi Whelan,Thanks!! ,,,,,,,
ct_464,filtav,such great performance the way they make even more unique each track from album,,,,,,,
ct_465,Doughnut Doney,two tracks to go and then what...more songs?,,,,,,,
ct_469,Miguel Ferreira,:face-orange-tv-shape:,,,,,,,
ct_470,blue_scape,A best of i think @Doughnut Doney ,,,,,,,
ct_471,f c,"grab her hand and say hi,,, dance with her, hug her, love her and no matter never nver forget HER",,,,,,,
ct_472,Keti Chachibaia,Visuals are absolutely stunning :star_struck: ,,,,,,,
ct_474,Steven Baker,@Doughnut Doney There is a part two with various of their best numbers then 2 number encore,,,,,,,
ct_475,filtav,:face-blue-wide-eyes:,,,,,,,
ct_476,Nat GE,love love this tune,,,,,,,
ct_477,Stefan Irma,:blue_heart::blue_heart::blue_heart:,,,,,,,
ct_478,Doughnut Doney,ahh Cherry B Girl might be played then,,,,,,,
ct_486,Steven Baker,:shooting_star::shooting_star::shooting_star::shooting_star::shooting_star::shooting_star:,,,,,,,
ct_487,Raphael de Siecle-Lindup,I was in the RAH that night..totally spellbound by it :),,,,,,,
ct_489,Nat GE,some Richard Wrigth here,,,,,,,
ct_490,Tomasz Stasiak,:face-fuchsia-wide-eyes:,,,,,,,
ct_492,MrTRIFORCE666,:musical_keyboard: :musical_keyboard: :musical_keyboard: :sparkles:,,,,,,,
ct_494,filtav,26 years and still so vanguard Masters,,,,,,,
ct_496,Holger Schneider,reminders of the past,,,,,,,
ct_498,Sergey Smirny,:thumbs_up::thumbs_up::thumbs_up:,,,,,,,
ct_499,popcorntommy,Moo Safari - the last great album ,,,,,,,
ct_500,Stefan Irma,flash back,,,,,,,
ct_503,Sterra e,:sparkling_heart::sparkling_heart::sparkling_heart:,,,,,,,
ct_504,filtav,@ARTE Concert :face-red-heart-shape::face-red-heart-shape::face-red-heart-shape:,,,,,,,
ct_508,blue_scape,Is this recording from the 30/5 or 31/5 ?? @ARTE Concert ,,,,,,,
ct_511,popcorntommy,can someone translate to english what ARTE said please ,,,,,,,
ct_512,Andy G,Amazing :smiling_face_with_heart_eyes:,,,,,,,
ct_517,blue_scape,Thank you ,,,,,,,
ct_520,Ganimedes Light,:fireworks::fireworks::fireworks:,,,,,,,
ct_523,filtav,@popcorntommy VOD will keep here for you to listen further,,,,,,,
ct_524,Keti Chachibaia,This is so cosmic. As if our planet is emitting this music into the galaxy. Incredible :red_heart:,,,,,,,
ct_526,Josu√© Garro,This is pure bliss,,,,,,,
ct_529,filtav,this one OOOOF,,,,,,,
ct_530,Miguel Ferreira,@ f c,,,,,,,
ct_532,Irie Elliott,this is the one 4me :dashing_away::dashing_away:,,,,,,,
ct_533,Keti Chachibaia,This is my absolute fav :red_heart:,,,,,,,
ct_536,Simon G,:red_heart:,,,,,,,
ct_538,Marcelo Borges,:smiling_face_with_smiling_eyes:,,,,,,,
ct_539,Stefan Irma,thanks so much arte :folded_hands:,,,,,,,
ct_540,Angelina Evtikhova,:red_heart::red_heart::red_heart::red_heart::red_heart::red_heart::red_heart::red_heart:,,,,,,,
ct_541,Marcelo Borges,:thanksdoc:,,,,,,,
ct_543,kuronocloud66,Daft punk stole everything from Air,,,,,,,
ct_545,Headsknow,Love this so much. ,,,,,,,
ct_546,blue_scape,Radian is the next song (says the setlist) @Headsknow ,,,,,,,
ct_548,Steven Baker,Pure Joy!:sparkling_heart::victory_hand:,,,,,,,
ct_549,Jennifer Juniper,"I was there the day before, on 30/5. A dream come true to see this live :sparkles::red_heart:",,,,,,,
ct_551,Irie Elliott,Austin TX awaits üôåüèΩ,,,,,,,
ct_552,lucalone,:tulip::tulip::rose::rose::sunflower::cherry_blossom::white_flower::rosette:,,,,,,,
ct_553,TouchPerInch,I'm traveling far far away right now...:shooting_star:,,,,,,,
ct_554,RetroSound,one of the best concerts I ever visited,,,,,,,
ct_555,f c,TOM OR MATTIE who reps 0161 MOST ,,,,,,,
ct_556,Doughnut Doney,So selection of songs after this album end song then?,,,,,,,
ct_562,MrTRIFORCE666,üëèüèªüëèüèª,,,,,,,
ct_572,TouchPerInch,another please!!! T.T,,,,,,,
ct_577,MrTRIFORCE666,:shooting_star::shooting_star:,,,,,,,
ct_579,MrTRIFORCE666,:glowing_star:,,,,,,,
ct_582,Steven Baker,@Doughnut Doney Yes 9 more songs,,,,,,,
ct_583,Leesmap Man,well there is radian,,,,,,,
ct_586,Angelina Evtikhova,üëèüèºüëèüèºüëèüèºüëèüèºüëèüèºüëèüèºüëèüèº,,,,,,,
ct_591,blue_scape,I'm happy for you @Headsknow ,,,,,,,
ct_594,Headsknow,Thanks ,,,,,,,
ct_595,lucalone,:face_savoring_food:,,,,,,,
ct_597,Romeo CHARLIE,:musical_score::banjo::musical_keyboard:,,,,,,,
ct_599,popcorntommy,@Headsknow me too since the first track ,,,,,,,
ct_600,f c,MUAY THAI AND MUY LOCO,,,,,,,
ct_601,RetroSound,Mellotron flute :heart_with_ribbon:,,,,,,,
ct_603,Doughnut Doney,"plz say ""Cherry Blossom Girl"" was one of the 9 other tracks?",,,,,,,
ct_604,Romeo CHARLIE,:full_moon::waning_gibbous_moon::last_quarter_moon::waning_crescent_moon::new_moon:,,,,,,,
ct_605,Steven Baker,Venus Cherry Blossom Girl Run Highschool Lover Surfing on a Rocket Don't Be Light ...,,,,,,,
ct_606,Fabio Franco,yes it is,,,,,,,
ct_607,Fabio Franco,it's coming...,,,,,,,
ct_608,Doughnut Doney,great selection of other songs,,,,,,,
ct_609,Doughnut Doney,great its on,,,,,,,
ct_610,J√°nos,:blue_heart::white_heart::heart_suit:,,,,,,,
ct_612,Ganimedes Light,sexy cowboy,,,,,,,
ct_613,TouchPerInch,üëèüèªüëèüèªüëèüèª,,,,,,,
ct_616,filtav,oush this one,,,,,,,
ct_618,f c,WAKE UP TODAY WITH A HEART IN MY HAND,,,,,,,
ct_619,Nat GE,uuuuuiii:red_heart::red_heart::red_heart::red_heart:,,,,,,,
ct_620,blue_scape,"Yeah, the next song is Cherry Blossom Girl ",,,,,,,
ct_621,Steven Baker,Then Alone in Kyoto and Electronic Performers encore,,,,,,,
ct_624,Pablo Veas,AIR is comming to chile on novemebr CTMMMMMMMMMMMMMMM,,,,,,,
ct_627,MrTRIFORCE666,:glowing_star: :glowing_star: :glowing_star:,,,,,,,
ct_628,f c,WHEN UR UPSET I WILL HUG YOU LIKE A LIFE JACKET IN THE OCEAN OF HATE,,,,,,,
ct_629,filtav,:eyes-pink-heart-shape:,,,,,,,
ct_630,TouchPerInch,Si!!! vienen al Fauna primavera :red_heart::red_heart:,,,,,,,
ct_633,f c,BUT IF U NEED HELP,,,,,,,
ct_634,f c,I WE US KAMALA WILL CARRY YOU TO THE FINISH LINE ,,,,,,,
ct_636,Dolores Maldonado,:red_heart::red_heart::red_heart::red_heart::red_heart::red_heart::red_heart::red_heart::red_heart:,,,,,,,
ct_637,filtav,fully heart language this album communicates,,,,,,,
ct_638,filtav,:eyes-pink-heart-shape:,,,,,,,
ct_640,f c,THIRD STRING ,,,,,,,
ct_641,Marie Pennamen,:purple_heart::purple_heart::purple_heart:,,,,,,,
ct_644,f c,FOURTH ABOUT TO ARRIVE,,,,,,,
ct_647,Dan,stupendo :red_heart::red_heart::red_heart::red_heart:,,,,,,,
ct_648,MrTRIFORCE666,üëèüèªüëèüèª,,,,,,,
ct_656,The Shooting Star,!!!,,,,,,,
ct_657,RetroSound,Cherry,,,,,,,
ct_659,MrTRIFORCE666,:two_hearts:,,,,,,,
ct_660,filtav,super track,,,,,,,
ct_663,Headsknow,Ethereal ,,,,,,,
ct_664,TouchPerInch,:cherry_blossom::cherry_blossom::cherry_blossom::cherry_blossom::cherry_blossom:,,,,,,,
ct_666,Nat GE,cherry,,,,,,,
ct_668,Dolores Maldonado,cherry blossom girl :smiling_face_with_hearts:,,,,,,,
ct_669,Irie Elliott,:cherry_blossom::cherry_blossom::cherry_blossom:,,,,,,,
ct_670,Nat GE,:red_heart::red_heart::red_heart::red_heart:,,,,,,,
ct_675,f c,from above,,,,,,,
ct_676,Sergio Infante,:cherries::cherry_blossom::cherries::cherry_blossom::cherries::cherry_blossom::cherries::cherry_blossom:,,,,,,,
ct_677,jacinte munoz,:smiling_face_with_hearts::smiling_face_with_hearts::smiling_face_with_hearts::smiling_face_with_hearts::smiling_face_with_hearts::smiling_face_with_hearts::smiling_face_with_hearts:,,,,,,,
ct_679,f c,she has Alien eyes,,,,,,,
ct_681,f c,is she my aNGEL,,,,,,,
ct_682,filtav,cherrie and cheers all,,,,,,,
ct_683,Marie Pennamen,:cherry_blossom::cherry_blossom::cherry_blossom::cherry_blossom::cherry_blossom:,,,,,,,
ct_684,TouchPerInch,:cherry_blossom::cherry_blossom::cherry_blossom::cherry_blossom::cherry_blossom:,,,,,,,
ct_685,MrTRIFORCE666,:speaker_high_volume::speaker_medium_volume::speaker_high_volume:,,,,,,,
ct_686,filtav,:eyes-pink-heart-shape:,,,,,,,
ct_687,f c,CANT LOOK ABOVE CAUSE IT BURNS MY EYS. BUT SHE COVERS THE SUN MY WIFE,,,,,,,
ct_688,Martin Hallak,that arturia is too loud,,,,,,,
ct_690,Romeo CHARLIE,:horse_racing::skier::person_surfing::person_rowing_boat::person_swimming:....:mermaid:,,,,,,,
ct_691,Stefan Irma,the air is vibrating,,,,,,,
ct_693,f c,THE WOMEN ABOVE THE WOMEN BELOW THE MAKES IT TRUE,,,,,,,
ct_694,filtav,@The Shooting Star :face-red-heart-shape:,,,,,,,
ct_695,Feburgardt,Que manija locooo :blue_circle::white_circle::sun::white_circle::blue_circle:,,,,,,,
ct_701,Mikonage13,:rocket: :alien::musical_notes::tumbler_glass::smiling_face_with_sunglasses:,,,,,,,
ct_702,f c,THIS MUSIC IS LIKE A COCAINE HEAD AS BIG AS DANA WHITES HEAD,,,,,,,
ct_703,Doughnut Doney,great track,,,,,,,
ct_707,TouchPerInch,:two_hearts::two_hearts::two_hearts::two_hearts::two_hearts::two_hearts:,,,,,,,
ct_711,filtav,OOOF bass,,,,,,,
ct_716,f c,NOCHEUFC NO TACO WHO MISS WIEGHT,,,,,,,
ct_717,blue_scape,The next song is Highschool Lover,,,,,,,
ct_718,Stefan Irma,:bomb:,,,,,,,
ct_719,Martin Hallak,:face-orange-raised-eyebrow:,,,,,,,
ct_721,MrTRIFORCE666,üôåüèª,,,,,,,
ct_722,Miguel Ferreira,:socialdist:,,,,,,,
ct_724,Headsknow,Is Melissa on the list of tracks? ,,,,,,,
ct_725,Mikonage13,:robot::mechanical_arm::flying_saucer::musical_notes:,,,,,,,
ct_728,blue_scape,No @Headsknow ,,,,,,,
ct_729,The Shooting Star,@blue_scape Yes i think,,,,,,,
ct_731,Headsknow,Thanks ,,,,,,,
ct_733,f c,3 2 1 1 1 1 ,,,,,,,
ct_738,MrTRIFORCE666,:fireworks: :fireworks: :fireworks:,,,,,,,
ct_739,Mabel Gonz√°lez,:elbowcough:,,,,,,,
ct_741,filtav,:eyes-pink-heart-shape:,,,,,,,
ct_744,blue_scape,From the setlist: Highschool Lover - Surfing on a Rocket - Don't Be Light - Alone in Kyoto @Headsknow ,,,,,,,
ct_751,Headsknow,Oh my what a selection thank you @blue_scape ,,,,,,,
ct_752,Nat GE,bass:red_heart::flying_saucer:,,,,,,,
ct_757,SGee,"Did they already play ""All i need""?",,,,,,,
ct_759,RetroSound,those Solina strings:heart_with_ribbon:,,,,,,,
ct_763,MrTRIFORCE666,:shooting_star:,,,,,,,
ct_770,f c,MUTO WETBACK COMO MI. ES BUENO ,,,,,,,
ct_772,filtav,:face-red-heart-shape::face-red-heart-shape::face-red-heart-shape:,,,,,,,
ct_773,TouchPerInch,:two_hearts::two_hearts::two_hearts::two_hearts::two_hearts::two_hearts:,,,,,,,
ct_774,Dolores Maldonado,youre my playground love,,,,,,,
ct_775,J√°nos,Those jazzy chords:sparkling_heart::sparkling_heart:,,,,,,,
ct_776,MrTRIFORCE666,:musical_keyboard: :musical_keyboard: :musical_keyboard:,,,,,,,
ct_778,Yann ,Love is in the AIR,,,,,,,
ct_779,Oksana Portillo,what was the last song?,,,,,,,
ct_781,blue_scape,Alone in Kyoto ,,,,,,,
ct_782,filtav,run it was called,,,,,,,
ct_785,Emmet Brown,Air is breathable,,,,,,,
ct_787,FANThOMAS,:nail_polish:,,,,,,,
ct_788,√âlio B√©ad√®s,The Virgin Suicides :red_heart:,,,,,,,
ct_789,filtav,:eyes-pink-heart-shape:,,,,,,,
ct_791,Emmet Brown,chill & nice perfect to fk,,,,,,,
ct_792,Eoinii,Serious Pink Floyd vibes off this one,,,,,,,
ct_793,Headsknow,Such a bowl of remember berries. ,,,,,,,
ct_794,xochimej,:red_heart::red_heart::red_heart: desde M√©xico,,,,,,,
ct_796,Headsknow,Soaking in this nostalgia ,,,,,,,
ct_797,matzebumm,@blue_scape Who knows...? :winking_face_with_tongue: ,,,,,,,
ct_799,Eri,Please come to Japan:heart_exclamation:,,,,,,,
ct_804,MrTRIFORCE666,:fire:,,,,,,,
ct_807,popcorntommy,how long is this concert ? anyone know,,,,,,,
ct_810,J√°nos,Vladimir this is for you,,,,,,,
ct_811,blue_scape,Two or three songs left @popcorntommy ,,,,,,,
ct_813,filtav,each little detail its such huge sensibility composing ,,,,,,,
ct_814,Stefan Irma,never ever thought it could be play live,,,,,,,
ct_816,filtav,and the way they are interpreting it live OOOF,,,,,,,
ct_818,filtav,:eyes-pink-heart-shape:,,,,,,,
ct_819,Kyle Foy,:face-blue-wide-eyes::face-blue-wide-eyes::face-blue-wide-eyes::face-blue-wide-eyes::face-blue-wide-eyes::face-blue-wide-eyes::face-blue-wide-eyes:,,,,,,,
ct_825,filtav,@ARTE Concert thx again for sharing :face-red-heart-shape::face-red-heart-shape::face-red-heart-shape::face-red-heart-shape:,,,,,,,
ct_827,Jimmy Weider,amazing !! wanna see u guys come to strasbourg !!!!,,,,,,,
ct_828,MrTRIFORCE666,:high_voltage:,,,,,,,
ct_829,Romeo CHARLIE,:raising_hands::raising_hands::raising_hands:,,,,,,,
ct_830,MrTRIFORCE666,üôåüèª,,,,,,,
ct_833,filtav,:hand-orange-covering-eyes:,,,,,,,
ct_834,Headsknow,You guys and gals in the comments are great give yourselves a round of applause. Thanks for making this even more fun,,,,,,,
ct_835,Stefan Irma,:flashlight: :grinning_face_with_sweat:,,,,,,,
ct_836,Pierre Desormeaux,:heart_with_arrow:,,,,,,,
ct_837,TouchPerInch,:two_hearts:,,,,,,,
ct_838,TouchPerInch,This is amazing!!!! :weary_cat::smiling_cat_with_heart_eyes:,,,,,,,
ct_841,Yuri -chef Pandita,:revolving_hearts::revolving_hearts::revolving_hearts:,,,,,,,
ct_845,MrTRIFORCE666,:fire: :fire: :fire:,,,,,,,
ct_847,alladinsane,who are playing the background synths?,,,,,,,
ct_851,lucalone,the drummer is perfect for them,,,,,,,
ct_852,Stefan Irma,caution for epileptics :black_heart:,,,,,,,
ct_853,Alexandre,:light_bulb::light_bulb::light_bulb:,,,,,,,
ct_855,alladinsane,are they playing to a backing track of strings synths?,,,,,,,
ct_857,RetroSound,half playback,,,,,,,
ct_859,Pablo Veas,yes they are,,,,,,,
ct_862,Romeo CHARLIE,:right_facing_fist::mending_heart::left_facing_fist:,,,,,,,
ct_864,Sebi Meyer,So good. Wave on. ,,,,,,,
ct_865,filtav,such a groove ,,,,,,,
ct_869,üíúùïæùñÜùñíùñÜùñóùñÜ ùï∏ùñîùñóùñåùñÜùñìüíú,:face-fuchsia-tongue-out::face-fuchsia-tongue-out::face-fuchsia-tongue-out::face-fuchsia-tongue-out::face-fuchsia-tongue-out:,,,,,,,
ct_871,Petr ƒåernega,:rocket-red-countdown-liftoff:,,,,,,,
ct_873,üíúùïæùñÜùñíùñÜùñóùñÜ ùï∏ùñîùñóùñåùñÜùñìüíú,:hand-orange-covering-eyes::face-blue-wide-eyes::face-orange-raised-eyebrow::face-fuchsia-tongue-out::hand-orange-covering-eyes::face-blue-wide-eyes::face-orange-raised-eyebrow::face-fuchsia-tongue-out::hand-pink-waving:,,,,,,,
ct_875,MrTRIFORCE666,:yougotthis:,,,,,,,
ct_876,MrTRIFORCE666,:elbowcough::elbowcough:,,,,,,,
ct_877,Stefan Irma,I :red_heart: ARTE,,,,,,,
ct_878,Kaibun,this is so good:cat-orange-whistling:,,,,,,,
ct_880,Malc Sired,A beautifully polished show! A rare gem these days...,,,,,,,
ct_881,MrTRIFORCE666,üôåüèª,,,,,,,
ct_882,TouchPerInch,üëèüèªüëèüèªüëèüèªüëèüèªüëèüèª,,,,,,,
ct_883,filtav,fresh AIR as in back 1998 crazy1,,,,,,,
ct_885,Romeo CHARLIE,:sparkling_heart:,,,,,,,
ct_886,Headsknow,All parts of yes!!! ,,,,,,,
ct_891,Tomasz Stasiak,:face_blowing_a_kiss::smiling_face_with_heart_eyes::face_blowing_a_kiss::partying_face::disguised_face::smiling_face_with_hearts::nerd_face::smiling_face_with_hearts::smiling_face_with_sunglasses::smiling_face_with_heart_eyes:,,,,,,,
ct_893,TouchPerInch,Alone in Kyotot!!!!!,,,,,,,
ct_897,√âlio B√©ad√®s,üëèüèºüëèüèºüëèüèº,,,,,,,
ct_898,Headsknow,Lost in Translation ,,,,,,,
ct_901,MrTRIFORCE666,:clinking_glasses:,,,,,,,
ct_902,popcorntommy,@blue_scape thank you ,,,,,,,
ct_905,Tomasz Stasiak,:partying_face::pleading_face::winking_face_with_tongue:,,,,,,,
ct_906,popcorntommy,@ARTE Concert merci ,,,,,,,
ct_908,MrTRIFORCE666,:cherry_blossom:,,,,,,,
ct_909,TouchPerInch,:japanese_castle::japanese_dolls::cherry_blossom:,,,,,,,
ct_910,filtav,such a beautiful track Kyoto,,,,,,,
ct_911,Alessandro Demitri,Immensi :red_heart:,,,,,,,
ct_912,Stefan Irma,:red_heart: to be lost,,,,,,,
ct_913,revoiin,Lost in Translation :red_heart::red_heart::red_heart:,,,,,,,
ct_914,filtav,:face-red-heart-shape::face-red-heart-shape::face-red-heart-shape::face-red-heart-shape::face-red-heart-shape:,,,,,,,
ct_915,RetroSound,my favorite track :heart_with_ribbon:,,,,,,,
ct_917,Julieta Goldsman,<3,,,,,,,
ct_919,TouchPerInch,:two_hearts::two_hearts::two_hearts::two_hearts:,,,,,,,
ct_921,Emmet Brown,Thanks for bringing us such content Arte,,,,,,,
ct_923,Andora ,VIVE ARTE VIVE YOUTUBE:face_blowing_a_kiss::face_blowing_a_kiss::face_blowing_a_kiss::face_blowing_a_kiss::face_blowing_a_kiss:,,,,,,,
ct_926,AndyChlau08,breathtaking,,,,,,,
ct_927,blue_scape,"""For relaxing times, make it Suntory times."" ",,,,,,,
ct_929,filtav,:eyes-pink-heart-shape:,,,,,,,
ct_931,Emmet Brown,Pour Arte hip hip hip .... ? ,,,,,,,
ct_933,filtav,those vocals.... OOOF,,,,,,,
ct_935,blue_scape,Thanks for not cutting out a song :winking_face: @ARTE Concert ,,,,,,,
ct_936,Irie Elliott,beautiful wow,,,,,,,
ct_938,Stefan Irma,:hatching_chick:,,,,,,,
ct_943,MrTRIFORCE666,:glowing_star:,,,,,,,
ct_944,Nat GE,"this band, this music, brings me hope in future... we need quality in music!!",,,,,,,
ct_945,Steven Baker,A thousand thanks ARTE!:star_struck::thumbs_up::smiling_cat_with_heart_eyes:,,,,,,,
ct_947,Headsknow,This really made my day. ,,,,,,,
ct_948,MrTRIFORCE666,üëèüèªüëèüèª,,,,,,,
ct_952,Headsknow,Big up much love to all from Detroit Michigan ,,,,,,,
ct_954,RetroSound,quality ...rare these days,,,,,,,
ct_956,maria sims,I was there. Mind blowing brilliance. loved every second and didnt want it to end. Thank you Air x,,,,,,,
ct_958,Stefan Irma,:winking_face_with_tongue:,,,,,,,
ct_959,MrTRIFORCE666,üôåüèª,,,,,,,
ct_960,TouchPerInch,Thank you so so mch for this gift @ARTE Concert ,,,,,,,
ct_962,Andora ,MERCI AIR MERCI ARTE MERCI YOUTUBE:purple_heart::purple_heart::purple_heart::purple_heart::purple_heart::purple_heart:,,,,,,,
ct_964,Doughnut Doney,whats this final song btw?,,,,,,,
ct_969,blue_scape,Electronic Performers,,,,,,,
ct_971,The Jelly Shed,:full_moon_face::rocket:,,,,,,,
ct_975,Stefan Irma,where is my first usb mp3 player :star_struck:,,,,,,,
ct_976,MrTRIFORCE666,:hands-yellow-heart-red: :globe_with_meridians:,,,,,,,
ct_978,Doughnut Doney,thank you,,,,,,,
ct_979,f c,RIGHT TAP ,,,,,,,
ct_980,patricia alcantara,:face-red-heart-shape:,,,,,,,
ct_982,Steven Baker,"I watched this on streaming the whole weekend after the gig until it was taken down, great to have it for a year!",,,,,,,
ct_983,f c,RIGHT RIGHT TAP,,,,,,,
ct_987,Marie Pennamen,@Emmet Brown A French Pun,,,,,,,
ct_988,Stefan Irma,:ghost:,,,,,,,
ct_989,Pablo Veas,scary,,,,,,,
ct_990,RetroSound,:musical_keyboard::heart_with_ribbon:,,,,,,,
ct_991,popcorntommy,will this stay on YouTube ? @ARTE Concert ,,,,,,,
ct_998,MrTRIFORCE666,:fire:,,,,,,,
ct_1000,f c,UNITED @ARTE Concert ,,,,,,,
ct_1004,Marie Pennamen,@ARTE Concert A French/German TV for a French Band,,,,,,,
ct_1005,J√°nos,Riding on magnetic waves,,,,,,,
ct_1009,blue_scape,Thanks for not cutting out a song :winking_face: @ARTE Concert ,,,,,,,
ct_1010,MrTRIFORCE666,üôåüèªüôèüèª,,,,,,,
ct_1011,David Jare√±o Martinez,INcredible sound,,,,,,,
ct_1012,TouchPerInch,:face-red-heart-shape::face-red-heart-shape::face-red-heart-shape::face-red-heart-shape:,,,,,,,
ct_1013,Fabrice Vigano-G√©ry,:smiling_face_with_hearts::smiling_face_with_hearts::smiling_face_with_hearts:,,,,,,,
ct_1015,Tomasz Stasiak,Where is sawtooth solo on MS-20,,,,,,,
ct_1019,MrTRIFORCE666,:fireworks: :fireworks: :fireworks:,,,,,,,
ct_1024,Irie Elliott,Austin Texas is ready for AIR üôåüèΩüôåüèΩ,,,,,,,
ct_1026,filtav,oh no visitours thought viewers lol,,,,,,,
ct_1027,Petr ƒåernega,So fragile and epic in one moment,,,,,,,
ct_1030,filtav,said lost in translation and I was @ARTE Concert lol,,,,,,,
ct_1035,Andora ,PSYCHE :grinning_face:,,,,,,,
ct_1036,ArmelleP,:face_with_tears_of_joy:,,,,,,,
ct_1038,J√°nos,@ARTE Concert Always quality Thank You,,,,,,,
ct_1041,WEO SELECTOR,:face-fuchsia-wide-eyes:,,,,,,,
ct_1042,Alexandre,Playground Love :heart_suit:,,,,,,,
ct_1043,popcorntommy,thanks @ARTE Concert ,,,,,,,
ct_1045,MrTRIFORCE666,üëèüèªüëèüèª,,,,,,,
ct_1046,WEO SELECTOR,:hand-orange-covering-eyes:,,,,,,,
ct_1047,filtav,whistle it,,,,,,,
ct_1050,Nat GE,suuuuperrrrrrr:red_heart::glowing_star:,,,,,,,
ct_1051,TouchPerInch,:face-red-heart-shape::face-red-heart-shape::face-red-heart-shape::face-red-heart-shape::face-red-heart-shape:,,,,,,,
ct_1053,RetroSound,thank you Arte :heart_with_ribbon:,,,,,,,
ct_1054,blue_scape,Many thanks for the recording and thanks for not cutting out a song :winking_face: @ARTE Concert ,,,,,,,
ct_1058,WEO SELECTOR,:fish-orange-wide-eyes::fish-orange-wide-eyes::fish-orange-wide-eyes::fish-orange-wide-eyes:,,,,,,,
ct_1059,Nat GE,:clapping_hands::clapping_hands::clapping_hands::clapping_hands::clapping_hands::clapping_hands::clapping_hands:,,,,,,,
ct_1061,TouchPerInch,They are amazing!!!,,,,,,,
ct_1062,MrTRIFORCE666,üëèüèª üëèüèª üëèüèª,,,,,,,
ct_1063,Stefan Irma,do it again please,,,,,,,
ct_1065,Headsknow,Thanks Arte thanks Air ,,,,,,,
ct_1066,WEO SELECTOR,:face-fuchsia-tongue-out::face-fuchsia-tongue-out::face-fuchsia-tongue-out:,,,,,,,
ct_1067,TouchPerInch,üëèüèªüëèüèªüëèüèªüëèüèªüëèüèª,,,,,,,
ct_1069,Andora ,MAGNIFIQUE:purple_heart::purple_heart::purple_heart::purple_heart:,,,,,,,
ct_1079,f c,people aer people why i cant you and i get along so naturallly,,,,,,,
ct_1082,Steven Baker,:clapping_hands::clapping_hands::clapping_hands::clapping_hands::clapping_hands::clapping_hands:,,,,,,,
ct_1086,Romeo CHARLIE,:grinning_cat_with_smiling_eyes:,,,,,,,
ct_1087,Barbora B (BB1411),thank you arte :),,,,,,,
ct_1090,Davidson Gustavo,thank you for this,,,,,,,
ct_1093,blue_scape,Bye from Germany ,,,,,,,
ct_1095,TouchPerInch,Thank you so much Arte concert!! :two_hearts::two_hearts::two_hearts:,,,,,,,
ct_1099,Fabrice Vigano-G√©ry,:red_heart::red_heart::red_heart::red_heart::red_heart:,,,,,,,
ct_1100,Headsknow,Needless to say I subscribed ,,,,,,,
ct_1102,filtav,:face-red-heart-shape::face-red-heart-shape::face-red-heart-shape::face-red-heart-shape::face-red-heart-shape:,,,,,,,
ct_1104,katekuzminova,incredible. ,,,,,,,
