comment_id,username,message
ct_1,KinGiz,is it live a concert stream?
ct_5,Roland Jeske,Hello everybody! Lets enjoy the show!
ct_6,guido bustamante wakamatsu,:eyes-pink-heart-shape::eyes-pink-heart-shape::eyes-pink-heart-shape:
ct_7,Petra BeneÅ¡ovÃ¡,Hello ğŸ™ŒğŸ»:partying_face: woow ğŸ™ŒğŸ»ğŸ™ŒğŸ»
ct_11,Alexander Fleener,All profits for play25 shows going to charity 
ct_13,Alexander Dewispelaere,The concert got great reviews in the Belgian press.
ct_16,Eric,"Well the stuff you can hear sounds good, except the stuff Moby is doing..."
ct_18,Tim Weibel,agree lol 
ct_19,Aleksandr,Nice! :smiling_face_with_heart_eyes:
ct_20,Andrey Deruga,Thanks for the surprise. Very cool!!
ct_22,T,ğŸ‘ğŸ»ğŸ‘ğŸ»ğŸ‘ğŸ»
ct_24,Erik Van Muylem,still happy we can enjoy some of the concert
ct_25,Alexander Dewispelaere,A trip down memory lane for most of the ppl there I suppose
ct_26,Petra BeneÅ¡ovÃ¡,ğŸ‘ğŸ»ğŸ‘ğŸ»ğŸ‘ğŸ»
ct_27,Lyli J,well he be playing lots of stuff :)
ct_30,AntmanJr,he doesn't have tattoos anymore?
ct_32,Alexander Dewispelaere,A full Sportpaleis will hold 17000 
ct_33,Petra BeneÅ¡ovÃ¡,Great ğŸ™ŒğŸ»ğŸ™ŒğŸ»energy :smiling_face_with_hearts:
ct_34,Eric,This sounds absolutely terrible and empty
ct_41,Eric,"@ARTE Concert Yes, I've seen lots of shows which were great! This one isn't sadly."
ct_43,AntmanJr,Eric does hate watching not good for your brain
ct_44,el ricou,whick track is it plz
ct_46,quesaquÃ²fil2b,:star_struck: Merci Arte Concert !! :smiling_face_with_hearts::face_blowing_a_kiss::face_blowing_a_kiss:
ct_47,AntmanJr,it's go
ct_48,Eric,"Haha sorry I love Moby and the album Play, but this is just not what I was hoping for at all. Bye!"
ct_53,Bernhard Wolf,:smiling_face_with_hearts:
ct_55,Petra BeneÅ¡ovÃ¡,ğŸ’ƒğŸ»ğŸ’ƒğŸ»ğŸ’ƒğŸ»ğŸ™ŒğŸ»ğŸ™ŒğŸ»
ct_59,T,Thanks for broadcasting 
ct_60,Alexander Dewispelaere,@ARTE Concert thanks for sharing this show
ct_62,jiggrinder,1. My Weakness2. In My Heart3.Go
ct_65,Ani Yeghoyan,inch es ba nayum
ct_66,Diego Olivera,CRACK!!
ct_69,KotlinTest,Dance everybody!
ct_81,Carell Cassey,:hand-pink-waving::hand-pink-waving::hand-pink-waving:
ct_85,T,:face_screaming_in_fear::fire:
ct_88,Sunny,:hand-pink-waving::person-turqouise-waving:
ct_89,Peggy Heynen,I was there. What a night! :party_popper: Soooo good!!! :star_struck::musical_notes::collision::musical_notes::smiling_face_with_heart_eyes:
ct_93,bruno michaux,:red_heart: :red_heart: 
ct_94,Sporty Otter Pop (RenÃ© Lilly),SO excited! It's finally Moby Nite
ct_95,Denys Marunevych,:face-blue-smiling:
ct_96,WARLOCK,ROCK THE BODIES
ct_98,Sporty Otter Pop (RenÃ© Lilly),"Been looking forward to watching this, since I saw the event go up!"
ct_100,Sporty Otter Pop (RenÃ© Lilly),Evening Arte Concert!
ct_101,jiggrinder,5. Flower / Find My Baby
ct_103,Sporty Otter Pop (RenÃ© Lilly),This guy i just special!!!!
ct_105,Sporty Otter Pop (RenÃ© Lilly),"I guess I am kinda traditional, I love ""Praise You"" best "
ct_107,Julieta Pusino,omg this was filmed on my birthday :grinning_face: 
ct_114,Steeve ORHANT,Merci arte :revolving_hearts::revolving_hearts::face_blowing_a_kiss::revolving_hearts::revolving_hearts::face_blowing_a_kiss::revolving_hearts::face_blowing_a_kiss::revolving_hearts:
ct_115,SaggyğŸ§‘â€ğŸ”¬,love u all:red_heart:
ct_116,Jannis JaG,"Unfortunately he didn't play ""That's when I Reach for my Revolver""."
ct_118,Sporty Otter Pop (RenÃ© Lilly),12 points from Germany tonight
ct_121,Sporty Otter Pop (RenÃ© Lilly),It's great that people are here from everywhere-Global Arte Community in Musica
ct_124,F L,Woaw :slightly_smiling_face: 
ct_125,SaggyğŸ§‘â€ğŸ”¬,:green_heart::white_heart::red_heart:
ct_127,ThePouffy,Good music has no frontier !
ct_130,Sporty Otter Pop (RenÃ© Lilly),These singers are dang good
ct_132,Anne Zemmour,:smiling_face_with_heart_eyes::smiling_face_with_heart_eyes::smiling_face_with_heart_eyes::smiling_face_with_heart_eyes::smiling_face_with_heart_eyes:
ct_136,SaggyğŸ§‘â€ğŸ”¬,the Best day of my year
ct_137,yuribass,greetings from Ccs-Vzla
ct_138,F L,:partying_face:
ct_139,SaggyğŸ§‘â€ğŸ”¬,hola Moby :face_blowing_a_kiss:
ct_141,AntmanJr,Belgium is the best place
ct_142,SaggyğŸ§‘â€ğŸ”¬,te amo :red_heart:
ct_143,Sporty Otter Pop (RenÃ© Lilly),He's so no frills! Just a guy! LOVE you Moby for that
ct_144,Sporty Otter Pop (RenÃ© Lilly),YES-having a wonderful time so far
ct_146,Carell Cassey,:face-fuchsia-wide-eyes:
ct_151,Julian Reverse,Nadia :smiling_face_with_hearts::red_heart::red_heart::red_heart::red_heart:
ct_152,Sascha Seyer,ğŸ‘ğŸ»ğŸ‘ğŸ»
ct_153,Dmytro Rybak,:blue_heart:
ct_154,Dmytro Rybak,:yellow_heart:
ct_155,T,Sascha :winking_face:
ct_156,SaggyğŸ§‘â€ğŸ”¬,:fire:
ct_157,Sporty Otter Pop (RenÃ© Lilly),I have chills
ct_159,Sporty Otter Pop (RenÃ© Lilly),so lovely I will cry
ct_160,Thor Hamma,I love Moby and i love the guys of @ARTE Concert for their great performances - THANK YOU - merci! :yougotthis:
ct_161,Pinguin Mutti,"i first heard him, with his awesome punk cd, so deep, but the depth kept all within his music"
ct_162,Dmytro Rybak,:blue_heart:
ct_163,Dmytro Rybak,:yellow_heart:
ct_164,Sporty Otter Pop (RenÃ© Lilly),anyone have a tissue?
ct_168,Julian Reverse,"@ARTE Concert Choklate, Nadia Christine Duggin, Julie Mintz, Lady Blackbird are THE BEST Vovalists on this fcking Planet!"
ct_170,Sporty Otter Pop (RenÃ© Lilly),"Thank you for their names, Julian! I didn't know them"
ct_172,BrigadierSchmitt,"@ARTE Concert you make everytime a great job, thank you for the Hellfest as well :slightly_smiling_face: "
ct_173,TheSorrow2007,:face-red-heart-shape:
ct_176,SerGio an Artist,@Dmytro Rybak :raised_fist::raised_fist::raised_fist::yellow_circle::blue_circle:
ct_177,Pinguin Mutti,"@BlackOwl @ARTE Concert yeah, everyone gets many delicious moments in music! "
ct_180,Gonzalo Giuliano,Argentina :red_heart:
ct_181,Gustavo ,ME SEGURA QUE EU VOU CAIR :sneezing_face::sneezing_face::sneezing_face::sneezing_face:
ct_184,Julian Reverse,Nadia again :red_heart::red_heart::red_heart::fearful_face::loudly_crying_face::smiling_face_with_heart_eyes:
ct_186,Sporty Otter Pop (RenÃ© Lilly),Ignoring Er C. Will not be provoked in such a peaceful place
ct_188,BrigadierSchmitt,@Pinguin Mutti sure :red_heart: 
ct_192,Sporty Otter Pop (RenÃ© Lilly),Totally Block works fine 
ct_194,AntmanJr,@Er C You look bad :grinning_face_with_sweat:
ct_195,Daft Frank,Stanger Things :red_heart:
ct_196,Kris Russel,I was there on the front row. It was amazing!
ct_197,Dmytro Rybak,:blue_heart:
ct_198,Dmytro Rybak,:yellow_heart:
ct_199,Sporty Otter Pop (RenÃ© Lilly),Kris Russel how fantastic
ct_200,Caner Deniz,:face-blue-smiling::hand-pink-waving::face-red-heart-shape::trophy-yellow-smiling::eyes-pink-heart-shape:
ct_202,Cosmic Seeds,Moby signed my shirt with over 100 DJs from around the world :heart_suit:
ct_203,Dmytro Rybak,:face-red-heart-shape:
ct_204,Axel Folly,He's come a long way since his rave/ techno days. I wonder if past Moby would approve
ct_205,Anne Zemmour,Same price as everywhere just arriving early haha
ct_207,K. Oulad,:face-blue-smiling::hand-purple-blue-peace:
ct_208,Kris Russel,All standing was the same price
ct_211,Alexander Fleener,:purple_heart: 
ct_214,Cosmic Seeds,love this song
ct_215,Anne Zemmour,This song was from past Moby so yes he would approuve 
ct_216,Anonymous ,:red_heart:
ct_218,Hawaiian Guitar Crossroads,:raising_hands::raising_hands::raising_hands:
ct_220,Belen Gahz,:red_heart: 
ct_221,KrÃ¶terichNo1,i don't mind the music but moby with a guitar?
ct_223,Cosmic Seeds,definitely he'd agree
ct_225,Anne Zemmour,He was first a guitar player before dj 
ct_229,Sporty Otter Pop (RenÃ© Lilly),quite a large venue for small Belgium :grinning_face:
ct_230,Caio Magalhaes,his most famous works use guitar
ct_231,Belen Gahz,He always play the guitar 
ct_232,Karen Parrales,The best song ever 
ct_235,Octobert,has he played when its cold outside I want to die yet
ct_238,Gonzalo Molina Flores,madre mia moby live :smiling_face_with_hearts::star_struck:
ct_240,Epi..mÅ±,fantastic reworking :musical_notes:ğŸ‘ğŸ¼
ct_244,Axel Folly,Moby came out of the punk scene with The Vatican Commandos primarely
ct_251,Epi..mÅ±,ğŸ™ŒğŸ¼Merci beaucoup @ARTE Concert âœ“:musical_notes::revolving_hearts::musical_notes::smiling_face_with_hearts::musical_notes: thanks ğŸ‘ğŸ¼ğŸ™ğŸ¼:musical_notes:ğŸ‘ğŸ¼ğŸ‘ğŸ¼
ct_253,Sporty Otter Pop (RenÃ© Lilly),The staging of this is grandiose
ct_254,oktodisconnect,this woke version actually sounds good
ct_259,Julieta Pusino,i like the original more
ct_260,Hantz,:hand-orange-covering-eyes:
ct_263,Epi..mÅ±,"wtf ., ""woke"" :pleading_face::face_exhaling:"
ct_265,T,"What life would be without the songs or dance what are we, so I say thank you for the music giving it to me "
ct_266,WanÃ¹,Mouaif...bof bof
ct_267,goochn,her voice is boring / standard and to loud - no atmosphere
ct_269,Cosmic Seeds,yes we love it
ct_275,Juanes95,Where are the strings :(?
ct_276,Epi..mÅ±,:hot_beverage: cheers got my porcelain at hand:face-turquoise-drinking-coffee:
ct_277,Miguel Angel,y south side????
ct_278,filtav,:face-red-heart-shape::face-red-heart-shape::face-red-heart-shape:
ct_280,quesaquÃ²fil2b,Ok merci @ARTE Concert. :red_heart:
ct_281,CristianKirk,I didn't recognize it without the strings sample
ct_283,Sergio Vasquez,so this is goodbye
ct_284,Elvira Pecik,:beaming_face_with_smiling_eyes:
ct_285,madaboutminds,Moby for President
ct_287,CristianKirk,I assume the strings will appear at some point...
ct_291,Sporty Otter Pop (RenÃ© Lilly),"yeah there are strings onstage, in previous numbers"
ct_292,Richard,I was there in Torhout!
ct_294,Epi..mÅ±,piano :musical_keyboard: strings :winking_face:
ct_295,Antony Stark,The Beach
ct_296,HNRIK,we need the strings...
ct_298,Sporty Otter Pop (RenÃ© Lilly),I hear strings now
ct_300,Epi..mÅ±,you happy now :smiling_face::musical_notes:
ct_303,filtav,:eyes-pink-heart-shape: this bit is magical :eyes-pink-heart-shape:
ct_304,Thor Hamma,:transgender_symbol::rainbow_flag::purple_square::blue_square::green_square::yellow_square::orange_square::red_square::seedling:
ct_305,CristianKirk,It's not quite the original sample
ct_307,Sporty Otter Pop (RenÃ© Lilly),cello makes everything more lovely
ct_310,Epi..mÅ±,it's not quite the original Era ... happy 2024:smiling_face::face-turquoise-covering-eyes::hand-purple-blue-peace::face-blue-heart-eyes:
ct_311,Ğ’Ğ»Ğ°Ğ´Ğ¸Ğ¼Ğ¸Ñ€ Ğ“ÑƒĞ±Ğ°Ñ‚Ğ¾Ğ²,backs vocals :ok_hand:
ct_316,Ford Prefect,"Alright that's good shit. ""Play"" is one of the best albums ever made."
ct_317,CristianKirk,Ha... I knew it
ct_318,CristianKirk,It's the same era ;)
ct_321,Juanes95,"There you go, the reversed string sample"
ct_324,Epi..mÅ±,":hugging_face:ğŸ‘ŠğŸ¼TamÃ¡s BorbÃ©ly., good evening @ARTE :musical_notes: with the fun sounds of Moby :smiling_face:"
ct_325,CristianKirk,"That was perfect, crescendo style"
ct_327,Denis Gabriel Hurtado,Excellent arrangements that make me vibrate :musical_keyboard:
ct_328,Carli Carpa,Like the faster Versions more...
ct_329,el polaco,Moby? You can get stomped by Obie
ct_335,kleiven H,this riff will never end?
ct_337,TamÃ¡s BorbÃ©ly,hey @ARTE Concert Happy tu see Moby :musical_note::musical_notes::speaker_high_volume::musical_note::musical_notes::speaker_high_volume:
ct_339,Cosmic Seeds,no it shouldn't
ct_340,Franco,"eternal loop, and its ok"
ct_344,Franco,yes! awesome
ct_345,quesaquÃ²fil2b,:red_heart::sparkling_heart::heart_with_ribbon::heart_with_arrow::revolving_hearts::dizzy:
ct_349,Russell Watkins,tf is this
ct_350,Cosmic Seeds,I listen to the 1 hr version of this on repeat...porcelain
ct_352,Vincero!,:face-blue-smiling::face-blue-smiling::face-blue-smiling:
ct_353,Sporty Otter Pop (RenÃ© Lilly),I was going to mention his walking fast too :grinning_face:
ct_354,Jenea1987,:raising_hands::raising_hands::raising_hands:
ct_355,Ford Prefect,That shit slaps
ct_356,Sporty Otter Pop (RenÃ© Lilly),Moby Sports
ct_357,Vincero!,:face_with_tongue::winking_face_with_tongue::zany_face::squinting_face_with_tongue:
ct_358,jackdanijel1979,:red_heart:Welcome Dear Moby Starseed!:two_hearts:
ct_360,Franco,that synth girl :eyes-pink-heart-shape:
ct_361,Anne Zemmour,This version is amazing 
ct_365,Sabrina Fairchild ,"Waiting for South Side and Why does my heart feel so bad, hope I didn't miss them"
ct_366,Sergio Vasquez,this version is truly amazing
ct_367,Cosmic Seeds,not sure either
ct_368,Ford Prefect,:3
ct_370,Anne Zemmour,We are all made of stars :star: :blue_heart:
ct_371,Alexander Fleener,We are
ct_372,Ford Prefect,We are indeed made of stars
ct_373,kleiven H,he is pretty good - he should go for britans got talent or something - he would probably be up there 
ct_375,Anne Zemmour,I hope he will erase this version for me it was one of the best of the show I had so much fun 
ct_377,Octobert,im ready for the next song
ct_380,Anne Zemmour,release *
ct_382,Bruno Domingues,this sounds like PSB
ct_383,kleiven H,this is the most boring ive ever heard
ct_385,Ford Prefect,"Moby sounds on this live set a bit like a blend of Kraftwerk and Depeche Mode and himself, Moby, of course. Absolutely great stuff."
ct_389,Sporty Otter Pop (RenÃ© Lilly),I agree Ford Prefect
ct_392,Sporty Otter Pop (RenÃ© Lilly),A wee bit of Pink Floyd too
ct_399,Ford Prefect,"Oh yes some Pink Floyd sprinkled on everything too, agreed."
ct_403,Epi..mÅ±,"Hope you've got your towel handy .,. Ford"
ct_405,Luca M.,:speaker_high_volume::musical_note::musical_notes::sparkles::sparkles::dashing_away:
ct_409,TamÃ¡s BorbÃ©ly,yoooo @Luca M. @Cosmic Seeds:face-purple-wide-eyes::hand-pink-waving:
ct_410,patrick deklein,Go vegan thx Moby 
ct_411,Animaphagus,Moby's first albums (up until Hotels) were so freaking good
ct_412,erm0n,"I know he has ever been keen on remixing, 'upscaling' and so on. I'm not that convinced."
ct_414,Bruno Domingues,Pet Shop Boys 
ct_418,Luca M., :raising_hands::sparkles::raising_hands::sparkles::raising_hands:
ct_423,Luca M.,@T :waving_hand::slightly_smiling_face:hey
ct_426,Luca M.,:speaker_high_volume::musical_note::musical_notes::sparkles::sparkles::dashing_away:
ct_428,Cosmic Seeds,THIS IS SO :fire:
ct_429,Russell Watkins,get the crackhead off the stage
ct_430,sam,this is so cringe
ct_431,Luca M.,@T :raising_hands::collision::raising_hands::collision::raising_hands:
ct_432,Stephen Lee,:speaker_high_volume::speaker_high_volume::speaker_high_volume:
ct_433,Ford Prefect,The Prodigy
ct_435,Sina Drm,yeahhh getting high on this 
ct_436,Antony Stark,"This show, bring back so much good memories"
ct_437,HNRIK,Moby really likes the blue color :grinning_face: 
ct_442,TamÃ¡s BorbÃ©ly,:musical_notes::musical_note::speaker_high_volume::clapping_hands::open_hands:
ct_444,Stephen Lee,:speaker_high_volume::speaker_high_volume:
ct_445,Epi..mÅ±,Wouldn't have*
ct_446,Benjamin Kunz,soy division is nice ^^
ct_448,Tech-Savvy,:partying_face::partying_face::partying_face::partying_face:
ct_449,T,:face_screaming_in_fear:
ct_453,Virginie,how old is he now ?
ct_454,TamÃ¡s BorbÃ©ly,whutta vibezz:face-fuchsia-wide-eyes:
ct_460,Virginie,bonsoir ! :winking_face:
ct_461,gueroblanco,love that many people are having a good time but i dont really get this show
ct_463,Ford Prefect,Also there's Youtubes brilliant ignore functionality: I added sam the user ignore list of course
ct_467,Tech-Savvy,when is the next Moby concert and in which country?
ct_469,Ashley W,I love how he just sounds like somebody's nerdy dad here.
ct_470,Luca M.,:sparkles::raising_hands::sparkles::raising_hands:
ct_472,Craig,Plz play praise you :thumbs_up::thumbs_up::thumbs_up:
ct_475,Epi..mÅ±,"oh ., I love the live version of ""Waiting for the Barbarians"" by Laurie Anderson on YT is fekn phenomenal :musical_notes:"
ct_478,Julian Reverse,Lady Blackbird :smiling_face_with_heart_eyes::smiling_face_with_heart_eyes::smiling_face_with_heart_eyes::smiling_face_with_heart_eyes::smiling_face_with_heart_eyes::smiling_face_with_heart_eyes:
ct_482,Ford Prefect,Reed. Bowie. Fantastic people they were. I do miss them dearly.
ct_483,Anastadres,is it online?
ct_484,Jannis JaG,RIP Lou Reed and RIP David Bowie!
ct_486,Fluid Alchemist,they always get the pretty violonists
ct_487,Tech-Savvy,What is happening
ct_491,Epi..mÅ±,"Perfect Day and Hero's., top ten lifetime tracks ğŸ™ğŸ¼:musical_notes::revolving_hearts:"
ct_492,tomtomftube,thanks for the free concert :rolling_on_the_floor_laughing:
ct_493,TamÃ¡s BorbÃ©ly,:pillow-turquoise-hot-chocolate::hands-yellow-heart-red::face-turquoise-music-note::person-pink-swaying-hair:
ct_494,Thor Hamma,Amazing voice :hands-yellow-heart-red:
ct_496,Sporty Otter Pop (RenÃ© Lilly),she's a queen
ct_498,Jannis JaG,@Tech-Savvy: I don't think Moby will do a tour in the next years again.
ct_499,Luca M.,:musical_notes::musical_note::sparkles::sparkles:
ct_500,Julian Reverse,Listen to her new Album! 
ct_504,Î‘RGÃVATHIÃ,Moby :red_heart::red_heart::red_heart:
ct_505,BrigadierSchmitt,so beautiful
ct_506,Jannis JaG,Lady Blackbird is an extremely good Singer.
ct_507,Luca M.,:musical_notes::musical_note::sparkles::sparkles::shooting_star::shooting_star:
ct_508,Sporty Otter Pop (RenÃ© Lilly),"Mahalia Jackson's listening from her grave, and smiling, about this voice, I reckon"
ct_509,Russell Watkins,tf is she wearing
ct_510,filtav,:hand-orange-covering-eyes:
ct_512,TamÃ¡s BorbÃ©ly,:open_hands::clapping_hands::raising_hands::open_hands::clapping_hands::raising_hands:
ct_513,Ford Prefect,Alright. Let them tears flow
ct_514,Thor Hamma,Her voice is like an old Gibson on an VoxAC30 - goose bombs! :smiling_face_with_heart_eyes:
ct_517,Epi..mÅ±,"""tf"" :face_with_tears_of_joy: your an offly fekn sweary blighter"
ct_518,Russell Watkins,i would fall asleep if i was there
ct_523,Ford Prefect,Holy shit
ct_524,M S,:red_heart: 
ct_529,Luca M.,:raising_hands::red_heart::raising_hands::red_heart::raising_hands: 
ct_530,Ford Prefect,Tears
ct_531,Benjamin Kunz,some much soul
ct_533,Luca M.,:raising_hands::red_heart::raising_hands::red_heart::raising_hands: 
ct_535,Sporty Otter Pop (RenÃ© Lilly),chills and thrills
ct_536,Thor Hamma,:smiling_face_with_heart_eyes::star_struck::smiling_face_with_heart_eyes:
ct_537,Luca M.,:raising_hands::red_heart::raising_hands::red_heart::raising_hands: 
ct_539,TamÃ¡s BorbÃ©ly,feeeelzz:hands-yellow-heart-red::hands-yellow-heart-red::face-turquoise-music-note::person-pink-swaying-hair::pillow-turquoise-hot-chocolate::fish-orange-wide-eyes:
ct_540,Anniken Huseby,Wow amazing version :red_heart: :red_heart: 
ct_541,Luca M.,:raising_hands::red_heart::raising_hands::red_heart::raising_hands: 
ct_542,serdar ileri,:sun_with_face:
ct_543,Epi..mÅ±,Russel Watkins jr ...ğŸ•µğŸ¼ :face_with_peeking_eye: are you using your Daddies YT account again?
ct_546,Thor Hamma,Great vocalists great musicians - Moby is gracefully
ct_547,Luca M.,:water_wave::water_wave::musical_notes::musical_note::sparkles::sparkles::shooting_star::shooting_star:
ct_549,Sporty Otter Pop (RenÃ© Lilly),This song makes a gal feel some hope again
ct_552,Luca M.,:raising_hands::sparkles::raising_hands::sparkles::raising_hands:
ct_556,Luca M.,:raising_hands::sparkles::raising_hands::sparkles::raising_hands:
ct_557,Sporty Otter Pop (RenÃ© Lilly),who else feels like we're being shined on by a beautiful light right now?
ct_559,VIMUK 2020,merci from montevideo uruguay :medal-yellow-first-red:
ct_560,goochn,i like moby but who is this cheap coverband :D
ct_561,T,ğŸ‘ğŸ»ğŸ‘ğŸ»ğŸ‘ğŸ»
ct_563,Epi..mÅ±,I do have a lather nice lamp :beaming_face_with_smiling_eyes:
ct_564,F L,Arte :smiling_face_with_hearts: moby :smiling_face_with_hearts: merci :smiling_face_with_heart_eyes:
ct_565,Epi..mÅ±,rather*
ct_566,filtav,:face-red-heart-shape::face-red-heart-shape::face-red-heart-shape:
ct_568,Benjamin Kunz,i remember the video of this song... one of my favorite but this is so much better
ct_569,Luca M.,:shooting_star::shooting_star::raising_hands::raising_hands::shooting_star::shooting_star:
ct_571,David Rodriguez,Name this song? 
ct_572,Cyn Raver,music that touches the heart :fire:
ct_575,Epi..mÅ±,some folks seem to just crawl out there' caves and ... instantly start to text on YT chats:face-blue-droopy-eyes::dashing_away:
ct_576,Cyn Raver,:sparkles::yellow_heart::sparkles:
ct_577,Julieta Pusino,that was the voice for 'in this world'
ct_578,Epi..mÅ±,"their* .,"
ct_579,Octobert,my cat thinks he has the right to chew laptop cables
ct_580,TamÃ¡s BorbÃ©ly,Why does my heart feels so bad - Moby
ct_581,Julian Reverse,:dog2::duck::chicken::rat::rhinoceros::cow2::black_cat:
ct_582,bruno michaux,":red_heart: the best song ""ever-loving"" <3"
ct_583,Sporty Otter Pop (RenÃ© Lilly),"Exactly, Epi! They see a crowd and they gotta act out"
ct_585,Epi..mÅ±,where's text assistant when your stoned... fekrs temperamental af
ct_586,David Rodriguez,Thanks 
ct_588,filtav,this track is so beautiful
ct_589,BrigadierSchmitt,it is the famous clip with the train through the snow 
ct_591,Sporty Otter Pop (RenÃ© Lilly),that cello sound
ct_592,El NeverFake,happy 25 years
ct_593,Luca M., :water_wave::water_wave::musical_notes::musical_note::sparkles::sparkles::shooting_star::shooting_star:
ct_594,Sporty Otter Pop (RenÃ© Lilly),so floaty lovely
ct_597,HNRIK,"This is great, reminds me of Mogwai , some post-rock vibes"
ct_599,Vj Manu,Thanks for streaming this great concert!!
ct_600,Alejandra,:speaker_low_volume::speaker_medium_volume::speaker_high_volume::blue_heart:
ct_603,Sporty Otter Pop (RenÃ© Lilly),"Feeling better than I was, before viewing this"
ct_604,Sabrina Fairchild ,Lady Blackbird is only 39 
ct_605,M S,:red_heart: 
ct_606,Luca M.,:wind_face::musical_notes::musical_note::parachute::parachute:
ct_607,Julian Reverse,Also the sound of the drums. Perfect Mix!
ct_608,F L,:sign_of_the_horns::sign_of_the_horns::sign_of_the_horns:
ct_609,Juan Noguera,Jason Bourne must be among the public
ct_611,E Simon,this concert has nice sound/mixing
ct_614,Ford Prefect,:red_heart:
ct_615,Adrien,<3
ct_617,Luca M.,:speaker_high_volume::speaker_high_volume::musical_notes::star::musical_note::glowing_star:
ct_618,HNRIK,Let the man cook!!!
ct_620,Sporty Otter Pop (RenÃ© Lilly),Moby's got the blues there suddenly-great lil riff
ct_621,Ford Prefect,That one
ct_625,Nicolas Burtin,:smiling_face_with_hearts::smiling_face_with_heart_eyes::smiling_face_with_hearts:
ct_627,Gustavo ,:sneezing_face::sneezing_face::sneezing_face::sneezing_face::sneezing_face:
ct_629,Ford Prefect,:red_heart:
ct_630,Gustavo ,:loudly_crying_face::loudly_crying_face::loudly_crying_face::loudly_crying_face:
ct_633,Alejandra,:loudly_crying_face::loudly_crying_face::loudly_crying_face::loudly_crying_face::loudly_crying_face:
ct_634,Richard Thiel,:smiling_face_with_heart_eyes::smiling_face_with_heart_eyes::smiling_face_with_heart_eyes::smiling_face_with_heart_eyes::smiling_face_with_heart_eyes::smiling_face_with_heart_eyes::smiling_face_with_heart_eyes:
ct_636,Luca M.,:star::glowing_star::musical_notes::musical_note::glowing_star::star:
ct_638,T,:face_with_thermometer:
ct_639,ana lucia,:hundred_points::red_heart::smiling_face_with_heart_eyes::smiling_face_with_heart_eyes::smiling_face_with_heart_eyes::smiling_face_with_heart_eyes:
ct_643,Nicolas Burtin,:smiling_face_with_hearts::smiling_face_with_heart_eyes::star_struck::smiling_face_with_hearts::smiling_face_with_heart_eyes::star_struck:
ct_644,Sporty Otter Pop (RenÃ© Lilly),oh grow up Russell
ct_648,Lucas Gllx,"The man is almost 59yo, what a legend!"
ct_650,Colores Santos ,:face-blue-smiling::face-blue-smiling::face-blue-smiling:
ct_652,TamÃ¡s BorbÃ©ly,@T I wish You get well! :clapping_hands::open_hands::raising_hands::clapping_hands::open_hands:
ct_653,Julian Reverse,@ARTE Concert could you please block @Russell Watkins :face_vomiting::face_vomiting::face_vomiting:
ct_654,Alejandra,"Oh baby, oh baby:collision::collision:then it fell apart, it fell apart!"
ct_656,Luca M.,:chart_increasing::red_heart::musical_notes::musical_note:
ct_657,T,My temperature rises from the music :smiling_cat_with_heart_eyes:
ct_658,HNRIK,Crazy how many songs I know from Moby without even being an hardcore fan haha
ct_659,Alejandra,:heart_on_fire::heart_on_fire::heart_on_fire::heart_on_fire:
ct_661,CristianKirk,@HNRIK All that played MTV
ct_662,Luca M.,:star::glowing_star::musical_notes::musical_note::glowing_star::star:
ct_663,TamÃ¡s BorbÃ©ly,ooohh :violin::musical_note::musical_notes::musical_score::speaker_high_volume::dizzy:
ct_664,Sporty Otter Pop (RenÃ© Lilly),"Thank you Arte Concert, for keeping it pleasant for us"
ct_665,Julian Reverse,@ARTE Concert :smiling_face_with_heart_eyes:
ct_666,Animaphagus,This song is awesome
ct_668,alcolm,right on time
ct_669,RAFFIN gisÃ¨le,Moby:smiling_face_with_hearts::smiling_face_with_hearts::smiling_face_with_hearts:
ct_670,F L,ARTE Concert :sign_of_the_horns:
ct_674,Elder Moura,:elbowcough::elbowcough:
ct_675,Ford Prefect,Love this part
ct_676,CyrusBlack,this is insane
ct_677,T,Artwork 
ct_678,Gilles Zenner,Moby on The Diddy-List :flushed_face::flushed_face::flushed_face:
ct_680,Luca M., :raising_hands::sparkles::raising_hands::sparkles::raising_hands:
ct_681,Sporty Otter Pop (RenÃ© Lilly),porcelain was already catch it on the plaback! It was great
ct_682,Aktamix,extreme ways is so powerful track...
ct_684,Luca M.,:raising_hands::collision::raising_hands::collision::raising_hands: 
ct_687,F L,:clapping_hands::sign_of_the_horns::raising_hands:
ct_689,Luca M.,:collision::raising_hands::collision::raising_hands: :raising_hands::sparkles::raising_hands::sparkles:
ct_693,Sporty Otter Pop (RenÃ© Lilly),"if this keeps up, hips will be swinging next"
ct_694,Epi..mÅ±,:musical_notes::location-yellow-teal-bars:thanks for all @ARTE Concertâœ“ always Delivering quality recorded productions from every genre ..YT:trophy-yellow-smiling::finger-red-number-one:ğŸ‘ğŸ¼ğŸ‘ğŸ¼
ct_695,HNRIK,@el polaco :grinning_face: according to chat GPT no it's not
ct_696,Anniken Huseby,OMG OMG :red_heart: :red_heart: :red_heart: TUNE!
ct_697,Julian Reverse,Choklate :smiling_face_with_heart_eyes::smiling_face_with_heart_eyes::smiling_face_with_heart_eyes::smiling_face_with_heart_eyes::smiling_face_with_heart_eyes:
ct_698,Ford Prefect,:red_heart:
ct_699,F L,:smiling_cat_with_heart_eyes::heart_with_arrow::backhand_index_pointing_left::backhand_index_pointing_right::sign_of_the_horns:
ct_703,Sporty Otter Pop (RenÃ© Lilly),"hawt, hawt, hotness in the ears"
ct_704,Stephen Lee,:blue_heart::red_heart::orange_heart::yellow_heart::green_heart:
ct_705,Lucas Gllx,"@HNRIK Same, I never searshed him on Spotify but jeez I know almost every song, what a legend!"
ct_706,Thor Hamma,coolest version of this song ever!
ct_708,Dani,@ARTE Concert Will this concert stay online? 
ct_710,HNRIK,"I love her voice, I miss this kind of voice in today's music. Everything has this little chicken falsettos "
ct_711,Stephen Lee,:face-red-heart-shape:
ct_712,The Running Secretary,"Watching on the bus to work from Tasmania, Australia"
ct_713,Sporty Otter Pop (RenÃ© Lilly),"My cat is even watching, totally fascinated now"
ct_714,F L,le pied :sign_of_the_horns:
ct_716,Henrik TÃ³th,:red_heart::black_heart::red_heart::black_heart:
ct_718,SoundDesigners,"what a voice, full of charisma!"
ct_724,Sporty Otter Pop (RenÃ© Lilly),that funk is so on point
ct_725,Lucas Gllx,"@Er C good for you, nobody cares :face_blowing_a_kiss:"
ct_726,Dani,@ARTE Concert thank you. :face-red-heart-shape:
ct_727,Mariana Correia,the first song I played in the guitar was Moby's song :red_heart: thanks from Brasil
ct_728,SoundDesigners,this must be on vinyl!
ct_729,C-Lakata,ğŸ‘ğŸ»ğŸ‘ğŸ»ğŸ‘ğŸ»ğŸ‘ğŸ»ğŸ‘ğŸ»ğŸ‘ğŸ»ğŸ‘ğŸ»ğŸ‘ğŸ»ğŸ‘ğŸ»ğŸ‘ğŸ»ğŸ‘ğŸ»
ct_730,Luca M.,:musical_note::musical_notes::sparkles::sparkles:
ct_732,Carell Cassey,"Watching in the background at work. It's 2:30pm in the afternoon here in Madison, WI"
ct_733,TamÃ¡s BorbÃ©ly,:clapping_hands::clapping_hands::clapping_hands::clapping_hands:
ct_734,T,ğŸ‘ğŸ»ğŸ‘ğŸ»ğŸ‘ğŸ»ğŸ‘ğŸ»
ct_736,Cody Curtin,Moby's DJ sets are some of the best you will ever see if you get the chance. He absolutely rips really driving electro and techno
ct_737,Olesya Gorbacheva,:red_heart::red_heart::red_heart::red_heart:
ct_739,RAFFIN gisÃ¨le,:star_struck::smiling_face_with_hearts::smiling_face_with_hearts:
ct_740,Luca M.,:raising_hands::sparkles::raising_hands::sparkles::raising_hands:
ct_742,Ford Prefect,:red_heart:
ct_743,Sporty Otter Pop (RenÃ© Lilly),Jackson! We're going to Jaackson
ct_745,sunshine 70,:red_heart:
ct_746,T,:face-orange-biting-nails:
ct_747,Sporty Otter Pop (RenÃ© Lilly),or maybe not-it has no trumpet solo
ct_749,Lucas Gllx,I'm a trumpet now
ct_750,Luca M.,@sunshine 70 hallo :waving_hand::slightly_smiling_face:
ct_751,T,Sunshine :smiling_cat_with_heart_eyes:
ct_752,Sporty Otter Pop (RenÃ© Lilly),"I jumped when he said ""June Carter"""
ct_753,Epi..mÅ±,"el polaco... yes ğŸ‘ğŸ¼ well spotted Sherlock ğŸ•µğŸ¼., did you notice that I'm not the Channel host .. and that they've posted a reply to that query!"
ct_754,F L,:face-blue-smiling::face-blue-smiling::face-blue-smiling::face-fuchsia-tongue-out::face-fuchsia-tongue-out::face-blue-smiling:
ct_755,Julieta Pusino,lol :grinning_squinting_face: @Lucas Gllx 
ct_756,T,:beaming_face_with_smiling_eyes:
ct_757,TamÃ¡s BorbÃ©ly,hey hey @sunshine70
ct_758,sunshine 70,Hallo @Luca M. :sun_with_face::speaker_high_volume:
ct_761,Sporty Otter Pop (RenÃ© Lilly),Yes! Ring of Fire
ct_764,sunshine 70,hello @T :hugging_face::musical_notes:
ct_765,Ford Prefect,:fire:
ct_767,Sporty Otter Pop (RenÃ© Lilly),I FELL IN TO A BURNING RING OF FIRE
ct_768,Dani,:smiling_face:
ct_769,luizwijn,country moby?
ct_771,sunshine 70,niceee :red_heart:
ct_772,Luca M.,:raising_hands::collision::raising_hands::collision::raising_hands:
ct_773,Alexander Fleener,Ring of :fire: 
ct_774,Stephen Lee,<- is a trumpet (apparently) 
ct_775,Dani,I became vegan thanks to Moby. He is a great inspiration in so many areas.
ct_778,Ford Prefect,:fire:
ct_779,Epi..mÅ±,",____:locomotive::railway_car::railway_car::railway_car::railway_car:,___ :peach::dashing_away:ring of fire"
ct_781,Sash,"such a delight to watch. I've known Moby for decades, first time watching him perform... such a delight. thanks Arte for this"
ct_782,Julieta Pusino,wow he has a good voice for country!!
ct_783,T,Country dancing 
ct_784,Lyli J,decades vegan ! before people even knew about veganism
ct_785,Lyli J,what a G
ct_787,Alexander Fleener,Indian food gives me ring of :fire: 
ct_788,Lyli J,he has a vegan restaurant in LA - all revenue goes to animal rights organizations too <3
ct_790,Luca M.,:raising_hands::collision::raising_hands::collision::raising_hands: 
ct_792,F L,:face-blue-smiling::face-blue-smiling::face-blue-smiling::face-fuchsia-tongue-out::face-fuchsia-tongue-out::face-blue-smiling::face-blue-smiling::face-blue-smiling:
ct_795,PinkPanther77777,moby lets go
ct_796,Ford Prefect,great atmosphere
ct_798,Julian Reverse,@Lyli J the restaurant is long gone.
ct_801,Lyli J,@Julian Reverse ahhh nooo what happened
ct_802,Lyli J,:(
ct_803,Mignonmoogle,Trumpet solo ! :grinning_face_with_sweat:
ct_804,Florin Alin DINCA,Just stick to the album...
ct_805,F L,:trumpet::trumpet::trumpet::face-blue-smiling::face-blue-smiling:
ct_806,Epi..mÅ±,sunshine 70 :blossom::hugging_face: hi Hun :face_blowing_a_kiss: just in time for a blow :wind_face::trumpet:along :winking_face:
ct_807,Stephen Lee,:face-red-heart-shape::face-red-heart-shape::face-red-heart-shape:
ct_811,Sporty Otter Pop (RenÃ© Lilly),now reminds of Joy Division
ct_812,Julian Reverse,@Lyli J we don't know but it closed for god in fall 2022
ct_813,Stephen Lee,Lift my Cup *slurp* :face-red-heart-shape:
ct_815,TamÃ¡s BorbÃ©ly,:guitar::violin::musical_notes::musical_note::dizzy::speaker_high_volume:
ct_816,F L,:guitar::guitar::guitar::face-blue-smiling::face-fuchsia-tongue-out::face-fuchsia-wide-eyes:
ct_819,VITHOUSE,:face-red-heart-shape::face-red-heart-shape::face-red-heart-shape:
ct_820,Epi..mÅ±,definitely hints of Ian Curtis and Joy Division in this one :musical_notes::goodvibes:
ct_821,Julieta Pusino,nah whats this version xd
ct_822,F L,:high_voltage::guitar::banjo:
ct_825,sunshine 70,amazing :red_heart:
ct_826,Luca M.,:raising_hands::sparkles::raising_hands::sparkles::raising_hands:
ct_827,Djileddine mehdi Rahmani,moby the legend
ct_829,Lyli J,"@Julian Reverse yeah weird I tried looking up the reason, couldn't find it. just found that the employees were very upset at how it was handled xD"
ct_831,Riu,Top!
ct_833,Bartosz Jurand,This song is pure perfect :red_heart: 
ct_834,C-Lakata,What a version :love_you_gesture::thumbs_up::thumbs_up::thumbs_up:
ct_835,Luca M.,:musical_notes::musical_note::sparkles::sparkles:
ct_836,Sporty Otter Pop (RenÃ© Lilly),Feeling lifted up
ct_838,GÃ©gÃ© gerard,tres beau spectacle live thanks Mister Moby
ct_839,Lucas Gllx,:clapping_hands::clapping_hands::clapping_hands:
ct_840,Epi..mÅ±,:hands-yellow-heart-red::face-blue-heart-eyes:
ct_841,Sporty Otter Pop (RenÃ© Lilly),"Thank you for tonight, Arte Concert"
ct_842,CrystalinMohadryn,:slightly_smiling_face:
ct_843,Lizbeth Ajuria,:smiling_face_with_sunglasses::partying_face::purple_heart::purple_heart::purple_heart:
ct_844,CrystalinMohadryn,:elbowcough::elbowcough:
ct_845,M S,ğŸ™ğŸ¼
ct_847,DJ Arte Lone,:victory_hand::victory_hand::victory_hand:
ct_850,Fax,Remember when Moby was techno music
ct_851,Wilma Flintstone,"woohoooooo, one of the greatest, thank you arte !!!!!"
ct_852,Lizbeth Ajuria,:beaming_face_with_smiling_eyes:
ct_853,Ford Prefect,:3
ct_855,TamÃ¡s BorbÃ©ly,"""\_:face-blue-heart-eyes:_/""""\_:face-purple-wide-eyes:_/"""
ct_857,F L,:sign_of_the_horns::sign_of_the_horns::sign_of_the_horns:
ct_858,Sporty Otter Pop (RenÃ© Lilly),love this one
ct_860,Julieta Pusino,i'd love him to play dream about me :') 
ct_861,sunshine 70,yezzzz :red_heart::musical_notes::red_heart::musical_notes::red_heart::musical_notes::red_heart:
ct_862,Julian Reverse,"Thank you, thank you, THANK YOU MOBY! Thank you, thank you, THANK YOU @ARTE Concert !"
ct_863,Sporty Otter Pop (RenÃ© Lilly),have chills
ct_867,Wilma Flintstone,i do :red_heart:
ct_868,Luca M.,:raising_hands::sparkles::raising_hands::sparkles::raising_hands: 
ct_869,filtav,:eyes-pink-heart-shape:
ct_872,VITHOUSE,:face-red-heart-shape::face-red-heart-shape::face-red-heart-shape:
ct_873,TamÃ¡s BorbÃ©ly,:hands-yellow-heart-red::volcano-green-lava-orange::face-fuchsia-flower-shape::face-turquoise-music-note::person-pink-swaying-hair::octopus-red-waving:
ct_874,Gonzalo Giuliano,ğŸ‡¦ğŸ‡·:red_heart:
ct_875,Ford Prefect,"Well yeah, that's so damn good"
ct_876,Luca M.,:shooting_star::shooting_star::star::glowing_star::shooting_star::shooting_star: 
ct_877,Elvis Cervantes,:smiling_face_with_hearts:
ct_878,sunshine 70,:thumbs_up::thumbs_up::thumbs_up::thumbs_up::red_heart::musical_notes::red_heart::musical_notes::red_heart:
ct_879,Lizbeth Ajuria,:smiling_face:
ct_882,Luca M., :raising_hands::collision::raising_hands::collision::raising_hands:
ct_883,F L,absolument magnifique :sign_of_the_horns:
ct_884,arqoss,:face-blue-smiling::face-blue-smiling::face-blue-smiling::smiling_face_with_hearts::dog::cat::fox:
ct_886,DJ Arte Lone,:thumbs_up:
ct_887,Ford Prefect,Perfection
ct_890,filtav,:hand-orange-covering-eyes:
ct_893,filtav,another diva voice
ct_894,Epi..mÅ±,Vocals are so fekn honest and deep ğŸ‘ğŸ¼:musical_notes::speaker_high_volume::musical_notes:
ct_895,Daniel,crack
ct_896,T,ğŸ‘ğŸ»ğŸ‘ğŸ»ğŸ‘ğŸ»ğŸ‘ğŸ»
ct_898,lÃ©o fruity head,hello ARTE:person-turqouise-waving:THX:face-red-heart-shape:& moby too
ct_903,Omni,ARTE is the best
ct_905,Rodrigo DÃ­az,ğŸ‡²ğŸ‡½ğŸ‡²ğŸ‡½ğŸ‡²ğŸ‡½ğŸ‡²ğŸ‡½
ct_907,Ford Prefect,"Fantastic show. Thanks for broadcasting and thanks to the chat here, too. Have a good one yall"
ct_908,Roland Jeske,Great show! Thanks to Arte and Moby!
ct_910,Luca M.,:musical_note::musical_notes::sparkles::sparkles:
ct_911,Epi..mÅ±,ğŸ‘ğŸ¼ğŸ‘ğŸ¼
ct_912,Epi..mÅ±,ğŸ‘ğŸ¼ğŸ‘ğŸ¼
ct_913,Omni,<3
ct_914,Epi..mÅ±,ğŸ‘ğŸ¼ğŸ‘ğŸ¼
ct_915,T,Standing ovations ğŸ‘ğŸ»ğŸ‘ğŸ»ğŸ‘ğŸ»
ct_916,Epi..mÅ±,ğŸ‘ğŸ¼ğŸ‘ğŸ¼:winking_face:
ct_917,Wilma Flintstone,will this concert remain on arte concert channel ? 
ct_918,Epi..mÅ±,ğŸ‘ğŸ¼ğŸ‘ğŸ¼:red_heart:
ct_921,Epi..mÅ±,ğŸ‘ğŸ¼ğŸ‘ğŸ¼ğŸ‘ğŸ¼:red_heart:
ct_923,sunshine 70,:red_heart::red_heart::red_heart:
ct_924,Kevin Maria,:clapping_hands::clapping_hands::clapping_hands::clapping_hands::clapping_hands:
ct_925,Luca M.,:musical_note::musical_notes::sparkles::sparkles:
ct_926,Wilma Flintstone,"super, thank you once again arte concert !!! :face-red-heart-shape:"
ct_931,CristianKirk,@ARTE Concert Why can't be forever? Didn't know videos had a life span
ct_935,muzikxpress,This was so good!
ct_936,Luca M.,:raising_hands::sparkles::raising_hands::sparkles::raising_hands:
ct_939,MO-DU / Jan Jiskra,this is moby
ct_940,lÃ©o fruity head,:winking_face_with_tongue:ğŸ¤œğŸ»
ct_941,sunshine 70,ohhh yes :raising_hands::raising_hands::speaker_high_volume::speaker_high_volume::fire::fire::fire:
ct_943,F L,:grinning_squinting_face::upside_down_face::face_savoring_food:
ct_945,Luca M.,:man_dancing::high_voltage::man_dancing::high_voltage::man_dancing::high_voltage:
ct_946,Alejandra,:fire::fire::fire::fire::fire:
ct_947,Wilma Flintstone,:partying_face:
ct_951,Ford Prefect,:red_heart:
ct_952,Ieva Hermansone,:hand-pink-waving:
ct_956,Alejandra,:fire::fire::fire::fire::fire:
ct_958,sunshine 70,love this song :raising_hands::red_heart::raising_hands::red_heart::raising_hands::red_heart::raising_hands::red_heart::raising_hands::red_heart::raising_hands:
ct_959,Alejandra,:high_voltage::high_voltage::high_voltage::high_voltage::high_voltage:
ct_961,Julian Reverse,Nadia :smiling_face_with_heart_eyes::smiling_face_with_heart_eyes::smiling_face_with_heart_eyes::smiling_face_with_heart_eyes::smiling_face_with_heart_eyes::smiling_face_with_heart_eyes::smiling_face_with_heart_eyes::smiling_face_with_heart_eyes:
ct_963,Luca M.,:raising_hands::collision::raising_hands::collision::raising_hands:
ct_964,Alejandra,:bomb::bomb::bomb::bomb::bomb:
ct_965,Alejandra,:bomb::bomb::bomb::bomb::bomb::bomb:
ct_967,Ford Prefect,:3 :red_heart:
ct_969,TamÃ¡s BorbÃ©ly,"""\_:face-blue-smiling::face-fuchsia-tongue-out:_/"""
ct_970,agustina Isabel rico,:smiling_face_with_hearts::smiling_face_with_hearts::smiling_face_with_hearts::smiling_face_with_hearts::smiling_face_with_hearts::smiling_face_with_hearts::smiling_face_with_hearts::smiling_face_with_hearts::smiling_face_with_hearts::smiling_face_with_hearts::smiling_face_with_hearts::smiling_face_with_hearts::smiling_face_with_hearts::smiling_face_with_hearts::smiling_face_with_hearts::smiling_face_with_hearts::smiling_face_with_hearts::smiling_face_with_hearts::smiling_face_with_hearts::smiling_face_with_hearts::smiling_face_with_hearts:
ct_971,F L,:face-blue-smiling::face-blue-smiling::face-blue-smiling::face-fuchsia-tongue-out::face-fuchsia-tongue-out::face_savoring_food::zany_face:
ct_973,Esteban Gutierrez,SUBLIME:beaming_face_with_smiling_eyes::beaming_face_with_smiling_eyes::beaming_face_with_smiling_eyes:
ct_974,Luca M.,:musical_note::musical_notes::sparkles::sparkles:
ct_975,Alejandra,:bomb::bomb::bomb::bomb::collision::collision::collision:
ct_976,Ford Prefect,true classic of electronic music
ct_977,Orientalzaffiro,:peace_symbol::peace_symbol::peace_symbol::peace_symbol::peace_symbol::peace_symbol::peace_symbol::peace_symbol:
ct_979,Alejandra,:heart_on_fire::heart_on_fire::heart_on_fire::heart_on_fire::heart_on_fire::heart_on_fire:
ct_980,Bastien Gatellier,:face-red-heart-shape::face-red-heart-shape::face-red-heart-shape::face-red-heart-shape:
ct_981,CristianKirk,@ARTE Concert Thanks for responding. Didn't know. Thanks for all you do
ct_982,Alejandra,:heart_on_fire::heart_on_fire::heart_on_fire::heart_on_fire::heart_on_fire:
ct_983,Luca M.,:raising_hands::sparkles::raising_hands::sparkles::raising_hands:
ct_986,F L,:smiling_face_with_heart_eyes::smiling_face_with_heart_eyes::smiling_face_with_heart_eyes::duck::sun_with_face::sun_with_face:
ct_989,Alejandra,:fire::fire::fire::fire::fire:
ct_990,Alejandra,:firecracker::firecracker::firecracker::firecracker:
ct_993,Alexander Fleener,Moby sweats E
ct_994,sunshine 70,:red_heart::fire::red_heart::fire::red_heart::fire::red_heart:
ct_995,Alejandra,:heart_on_fire::heart_on_fire::heart_on_fire::heart_on_fire:
ct_996,Wilma Flintstone,"this is just awesome, this is art e"
ct_999,Alejandra,:heart_on_fire::heart_on_fire::heart_on_fire::heart_on_fire::heart_on_fire::heart_on_fire:
ct_1000,TamÃ¡s BorbÃ©ly,:fire::cyclone::fire::cyclone::fire::cyclone:
ct_1001,el polaco,A 1991 song is now just like a 1958 song in 1991.
ct_1004,Alejandra,:heart_on_fire::heart_on_fire::heart_on_fire::heart_on_fire::loudly_crying_face::loudly_crying_face::loudly_crying_face:
ct_1005,Ford Prefect,:red_heart:
ct_1006,Luca M., amazing :water_wave::musical_note::musical_notes::collision:
ct_1007,Julian Reverse,I am feeling SOOOOO real!
ct_1008,T,Everyone it was very nice watching with you 
ct_1009,Alejandra,CHILE :heart_on_fire:
ct_1010,Ford Prefect,:crying_face:
ct_1011,F L,incredible mood
ct_1012,TamÃ¡s BorbÃ©ly,:hand_with_fingers_splayed::smiling_face_with_smiling_eyes:
ct_1013,Ieva Hermansone,thank you Arte concert for giving us this awesome night with Moby
ct_1014,Ford Prefect,Agreed T
ct_1015,Epi..mÅ±,:speaker_high_volume::face-red-heart-shape::face-blue-heart-eyes:some dunt thanks :winking_face:ğŸ‘ğŸ¼
ct_1016,Alejandra,:heart_on_fire::heart_on_fire::heart_on_fire::heart_on_fire::loudly_crying_face::loudly_crying_face::loudly_crying_face:
ct_1018,lÃ©o fruity head,:face-red-heart-shape:..............
ct_1019,T,ğŸ‘ğŸ»ğŸ‘ğŸ»ğŸ™ŒğŸ»ğŸ™ŒğŸ»
ct_1020,chiche05,thank you for the broadcast
ct_1022,Wilma Flintstone,:face-red-heart-shape::face-red-heart-shape::face-red-heart-shape::face-red-heart-shape::face-red-heart-shape::face-red-heart-shape:
ct_1025,Alejandra,:raising_hands::raising_hands::raising_hands::raising_hands::raising_hands:
ct_1030,Luca M.,:hand-pink-waving:bye bye
ct_1033,Alejandra,:heart_on_fire::heart_on_fire::heart_on_fire::heart_on_fire:
ct_1034,neurosien frisco,:fire::fire::fire::fire::fire:
ct_1036,Belen Gahz,It was amazing thank you 
ct_1037,TamÃ¡s BorbÃ©ly,:clapping_hands::open_hands::clapping_hands::open_hands::clapping_hands:
ct_1040,Vandario 199,Global Electronic Dance Music:firecracker:
ct_1041,Lizbeth Ajuria,:smiling_face_with_hearts:
ct_1042,visual fresh ,MOBY :red_heart: GO VEGAN
ct_1043,Epi..mÅ±,"And don't forget your ""Towels"" folks"
ct_1045,llliiiillliiimoa,:red_heart::red_heart::red_heart:
ct_1047,Alejandra,:heart_on_fire::heart_on_fire::heart_on_fire::heart_on_fire:
ct_1048,Dani,thanks for this @ARTE Concert love for everyone :red_heart: 
ct_1049,carabo33,Thousand!
ct_1050,El NeverFake,Techno brutal himno 
ct_1051,sunshine 70,:heart_exclamation::heart_exclamation::heart_exclamation::heart_exclamation:
ct_1055,Alejandra,:collision::collision::collision::collision::raised_fist::raised_fist::raised_fist:
ct_1056,DJ Lapidar,:thanksdoc::yt::thanksdoc:
ct_1057,Lizbeth Ajuria,:collision::purple_heart:ğŸ’ƒğŸ¾
ct_1060,Alejandra,:raised_fist::raised_fist::raised_fist::raised_fist::raised_fist:
ct_1062,Alejandra,:raised_fist::raised_fist::raised_fist::raised_fist:
ct_1065,Alejandra,:raised_fist::raised_fist::raised_fist::raised_fist:
ct_1067,ThÃ©o Ferracci,fire
ct_1068,Dmytro Rybak,:blue_heart:
ct_1070,Dmytro Rybak,:yellow_heart:
ct_1071,F L,:bomb::bomb::bomb::bomb:
ct_1072,Alejandra,:heart_on_fire::heart_on_fire::heart_on_fire::heart_on_fire::heart_on_fire:
ct_1073,Bigos,never gonna give you up on a drop please
ct_1074,darkkratos2000,@ARTE Concert can you put a setlist into the description as well?
ct_1075,Roland Jeske,Thats so cool! ntzntzntzntz
ct_1077,Alejandra,:heart_on_fire::heart_on_fire::heart_on_fire::heart_on_fire::heart_on_fire:
ct_1079,Jannis JaG,No we're listening to a world record track.
ct_1080,F L,:heart_with_arrow::heart_with_arrow::heart_with_arrow:
ct_1082,Dmytro Rybak,:blue_heart:
ct_1083,Dmytro Rybak,:yellow_heart:
ct_1084,Alejandra,:bomb::bomb::bomb::bomb::bomb:
ct_1085,ThÃ©o Ferracci,:heart_on_fire::heart_on_fire::heart_on_fire::heart_on_fire::heart_on_fire::heart_on_fire::heart_on_fire::heart_on_fire:
ct_1088,Alejandra,:heart_on_fire::heart_on_fire::heart_on_fire::heart_on_fire::heart_on_fire:
ct_1089,Alejandra,:bomb::bomb::bomb::bomb:
ct_1090,ThÃ©o Ferracci,:fire::fire::fire::fire:
ct_1091,sunshine 70,:raising_hands::fire::raising_hands::fire::raising_hands::fire:
ct_1093,Dmytro Rybak,:blue_heart:
ct_1094,Dmytro Rybak,:yellow_heart:
ct_1096,Alejandra,:heart_on_fire::heart_on_fire::heart_on_fire::heart_on_fire:
ct_1097,chiche05,:raising_hands::raising_hands::raising_hands::raising_hands::raising_hands:
ct_1098,Wilma Flintstone,"moby did a lot of drugs when he wrote his songs he once told. actually most music artists did, but moby seems to have gotten the right dose of the right stuff :rocket-red-countdown-liftoff:"
ct_1099,visual fresh ,GO VEGAN :red_heart: 
ct_1100,F L,:skull_and_crossbones::bomb::waving_hand:ğŸ¤ŸğŸ»
ct_1101,Dmytro Rybak,:face-red-heart-shape:
ct_1103,Dmytro Rybak,:blue_heart:
ct_1104,Dmytro Rybak,:yellow_heart:
ct_1106,Jannis JaG,"This ist called ""Thousand"". And it has 1000 BPM..."
ct_1107,Alejandra,La wea hermosaaaa:heart_on_fire:
ct_1108,sunshine 70,yesss:fire::raising_hands::fire::raising_hands::fire::raising_hands::fire:
ct_1109,G.D B,@Arte Concert THX!!!!!
ct_1112,visual fresh ,GO VEGAN :red_heart: ARGENTINA MOBY 
ct_1113,mAt,hard before other
ct_1114,Alejandra,:collision::collision::collision::raised_fist::raised_fist:
ct_1118,visual fresh ,GO VEGAN :red_heart: 
ct_1119,Alejandra,:bomb::bomb::bomb::bomb:
ct_1121,F L,:face_savoring_food::face_savoring_food::face_savoring_food:
ct_1126,Alejandra,:heart_on_fire::heart_on_fire::heart_on_fire::heart_on_fire::heart_on_fire:
ct_1127,Alejandra,:heart_on_fire::heart_on_fire::heart_on_fire::heart_on_fire::heart_on_fire:
ct_1129,Alejandra,:heart_on_fire::heart_on_fire::heart_on_fire::heart_on_fire::heart_on_fire::collision::collision::collision::collision:
ct_1132,Yuli Romero Official,:fire::fire::fire::fire::fire::fire::fire:
ct_1133,lÃ©o fruity head,:red_heart::yellow_heart::green_heart::blue_heart:
ct_1134,Jannis JaG,"If someone wants to listen to other music of this Speed, Google ""The Berzerker"""
ct_1135,Alejandra,:heart_on_fire:
ct_1136,chiche05,:clapping_hands::clapping_hands::clapping_hands:
ct_1137,Julian Reverse,"Thank you, thank you, THANK YOU MOBY! "
ct_1138,T,ğŸ™ğŸ»:heart_on_fire:ğŸ™ŒğŸ»
ct_1139,Dani,<3
ct_1140,Wilma Flintstone,:eyes-purple-crying:
ct_1141,BA-CA,pzdro from Poland @ARTE Concert 
ct_1142,El NeverFake,25 years
ct_1143,Cyn Raver,:yellow_heart::fire::fire:ğŸ™ŒğŸ¼:sparkles:
ct_1145,Alejandra,:raising_hands::red_heart:
ct_1148,Octobert,thanks arte
ct_1150,chiche05,<3
ct_1151,Kevin Dortmann,Thank you Moby and Arte! Have a wonderful evening!
ct_1152,Nikguy,THANKS ARTE!!!!!!!!!!!!!!!!!!!!!!!
ct_1154,Carell Cassey,@ARTE Concert Thanks!
ct_1155,Broomhilda von Shaft,boy you're the one..
ct_1156,sunshine 70,spectacular concert :heart_exclamation::heart_exclamation::heart_exclamation::heart_exclamation:thank you ARTE and Moby :red_heart::red_heart::red_heart::red_heart::red_heart::red_heart::red_heart:
ct_1159,Epi..mÅ±,"ğŸ‘ğŸ¼ğŸ‘ğŸ¼ excellent show ., thanks for 25yrs of great tunes :bullseye: ğŸ‘ŒğŸ¼"
ct_1160,Thor Hamma,Merci @ARTE Concert :yougotthis:
ct_1161,TamÃ¡s BorbÃ©ly,:open_hands::clapping_hands::open_hands::clapping_hands:
ct_1163,BA-CA,YOOO @ARTE Concert thx
ct_1164,Dmytro Rybak,:red_heart:
ct_1165,Dmytro Rybak,:black_heart:
ct_1166,visual fresh ,GO VEGAN :red_heart: ARGENTINA 
ct_1167,Dmytro Rybak,:red_heart:
ct_1168,Dmytro Rybak,:black_heart:
ct_1169,erm0n,Thx Arte!
ct_1170,Dmytro Rybak,:blue_heart:
ct_1171,Dmytro Rybak,:yellow_heart:
ct_1174,tomtomftube,:hand-pink-waving:
ct_1175,visual fresh ,GO VEGAN :red_heart: 
